Date,Hour,X Position,Y Position
08/09/18,09:27:56,59.3,26.8,
08/09/18,09:27:56,65.6,17.1,
08/09/18,09:27:56,62.4,26.9,
08/09/18,09:27:57,66.9,18.8,
08/09/18,09:27:57,58.3,23.1,
08/09/18,09:27:57,63.6,26.0,
08/09/18,09:27:57,62.1,27.4,
08/09/18,09:27:57,62.4,24.8,
08/09/18,09:27:57,47.4,32.6,
08/09/18,09:27:57,62.6,27.7,
08/09/18,09:27:57,62.6,26.7,
08/09/18,09:27:57,63.5,27.0,
08/09/18,09:27:57,63.4,27.8,
08/09/18,09:27:57,76.9,33.4,
08/09/18,09:27:57,61.3,25.6,
08/09/18,09:27:57,61.4,27.0,
08/09/18,09:27:57,60.8,27.8,
08/09/18,09:27:57,63.3,26.0,
08/09/18,09:27:57,48.4,32.6,
08/09/18,09:27:57,61.7,27.0,
08/09/18,09:27:57,63.2,25.8,
08/09/18,09:27:58,63.6,26.0,
08/09/18,09:27:58,63.3,25.7,
08/09/18,09:27:58,64.2,17.2,
08/09/18,09:27:58,62.6,27.3,
08/09/18,09:27:58,59.7,22.8,
08/09/18,09:27:58,61.0,26.0,
08/09/18,09:27:58,48.9,31.3,
08/09/18,09:27:58,61.7,27.1,
08/09/18,09:27:58,48.7,31.6,
08/09/18,09:27:58,57.6,23.3,
08/09/18,09:27:58,55.7,24.3,
08/09/18,09:27:58,62.8,29.2,
08/09/18,09:27:58,62.0,26.1,
08/09/18,09:27:58,63.3,27.4,
08/09/18,09:27:58,66.3,17.7,
08/09/18,09:27:58,57.6,20.9,
08/09/18,09:27:58,62.9,25.2,
08/09/18,09:27:59,63.5,27.4,
08/09/18,09:27:59,63.0,26.4,
08/09/18,09:27:59,76.0,35.5,
08/09/18,09:27:59,61.1,29.2,
08/09/18,09:27:59,62.4,27.0,
08/09/18,09:27:59,57.7,21.8,
08/09/18,09:27:59,74.9,32.0,
08/09/18,09:27:59,51.3,31.8,
08/09/18,09:27:59,48.8,29.7,
08/09/18,09:27:59,76.1,35.2,
08/09/18,09:27:59,62.8,25.7,
08/09/18,09:27:59,62.1,27.7,
08/09/18,09:27:59,48.9,32.7,
08/09/18,09:27:59,60.7,26.5,
08/09/18,09:27:59,63.1,26.2,
08/09/18,09:27:59,62.0,27.1,
08/09/18,09:28:00,64.1,28.6,
08/09/18,09:28:00,66.5,17.5,
08/09/18,09:28:00,64.4,27.1,
08/09/18,09:28:00,63.1,28.3,
08/09/18,09:28:00,64.6,27.6,
08/09/18,09:28:00,64.8,27.5,
08/09/18,09:28:00,54.9,30.9,
08/09/18,09:28:00,67.1,17.9,
08/09/18,09:28:00,66.7,26.5,
08/09/18,09:28:00,54.0,31.8,
08/09/18,09:28:00,54.5,31.6,
08/09/18,09:28:00,67.2,28.5,
08/09/18,09:28:00,66.7,28.3,
08/09/18,09:28:00,66.3,27.0,
08/09/18,09:28:00,66.4,27.2,
08/09/18,09:28:00,67.4,25.7,
08/09/18,09:28:00,68.6,24.7,
08/09/18,09:28:00,69.5,27.1,
08/09/18,09:28:01,71.1,25.2,
08/09/18,09:28:01,81.6,33.3,
08/09/18,09:28:01,74.4,15.8,
08/09/18,09:28:01,56.8,31.3,
08/09/18,09:28:01,64.1,22.9,
08/09/18,09:28:01,69.4,25.0,
08/09/18,09:28:01,71.2,24.5,
08/09/18,09:28:01,56.2,30.3,
08/09/18,09:28:01,68.7,22.6,
08/09/18,09:28:01,71.8,26.3,
08/09/18,09:28:01,71.0,26.7,
08/09/18,09:28:01,72.8,27.9,
08/09/18,09:28:01,60.0,31.3,
08/09/18,09:28:01,87.2,33.2,
08/09/18,09:28:01,73.1,26.0,
08/09/18,09:28:01,66.5,20.6,
08/09/18,09:28:01,73.0,27.0,
08/09/18,09:28:01,73.9,25.0,
08/09/18,09:28:01,73.3,25.2,
08/09/18,09:28:02,72.2,26.9,
08/09/18,09:28:02,74.3,25.1,
08/09/18,09:28:02,74.5,25.4,
08/09/18,09:28:02,75.1,25.5,
08/09/18,09:28:02,74.3,24.2,
08/09/18,09:28:02,75.1,24.5,
08/09/18,09:28:02,76.3,26.4,
08/09/18,09:28:02,76.9,25.1,
08/09/18,09:28:02,76.4,24.5,
08/09/18,09:28:02,73.0,20.4,
08/09/18,09:28:02,76.8,24.5,
08/09/18,09:28:02,77.7,25.2,
08/09/18,09:28:02,77.6,25.7,
08/09/18,09:28:02,67.5,30.5,
08/09/18,09:28:02,78.6,26.3,
08/09/18,09:28:02,78.8,24.0,
08/09/18,09:28:02,79.5,25.6,
08/09/18,09:28:03,76.9,21.1,
08/09/18,09:28:03,79.2,25.6,
08/09/18,09:28:03,77.3,21.1,
08/09/18,09:28:03,80.4,25.4,
08/09/18,09:28:03,80.4,24.0,
08/09/18,09:28:03,69.2,28.5,
08/09/18,09:28:03,82.5,17.2,
08/09/18,09:28:03,81.4,25.5,
08/09/18,09:28:03,78.8,21.7,
08/09/18,09:28:03,81.3,27.4,
08/09/18,09:28:03,82.5,25.8,
08/09/18,09:28:03,83.9,25.6,
08/09/18,09:28:03,81.1,26.3,
08/09/18,09:28:03,80.5,21.7,
08/09/18,09:28:03,71.8,28.7,
08/09/18,09:28:04,73.7,28.8,
08/09/18,09:28:04,84.3,26.0,
08/09/18,09:28:04,84.9,26.5,
08/09/18,09:28:04,97.8,29.8,
08/09/18,09:28:04,97.0,32.3,
08/09/18,09:28:04,85.2,25.7,
08/09/18,09:28:04,98.4,31.5,
08/09/18,09:28:04,85.6,25.7,
08/09/18,09:28:04,86.3,24.5,
08/09/18,09:28:04,87.3,23.3,
08/09/18,09:28:04,86.9,24.9,
08/09/18,09:28:04,87.7,22.7,
08/09/18,09:28:04,81.8,20.5,
08/09/18,09:28:04,87.7,24.5,
08/09/18,09:28:04,87.5,24.5,
08/09/18,09:28:04,82.8,21.5,
08/09/18,09:28:04,86.7,25.6,
08/09/18,09:28:04,85.4,20.0,
08/09/18,09:28:05,86.6,24.3,
08/09/18,09:28:05,88.0,23.3,
08/09/18,09:28:05,86.4,24.9,
08/09/18,09:28:05,85.2,19.1,
08/09/18,09:28:05,90.4,26.3,
08/09/18,09:28:05,85.5,17.5,
08/09/18,09:28:05,90.3,24.9,
08/09/18,09:28:05,89.4,24.0,
08/09/18,09:28:05,85.8,21.4,
08/09/18,09:28:05,93.3,18.1,
08/09/18,09:28:05,80.5,26.9,
08/09/18,09:28:05,92.4,23.3,
08/09/18,09:28:05,90.9,22.8,
08/09/18,09:28:05,93.6,21.3,
08/09/18,09:28:05,92.5,26.5,
08/09/18,09:28:05,91.7,23.3,
08/09/18,09:28:05,92.7,23.1,
08/09/18,09:28:06,94.0,25.3,
08/09/18,09:28:06,93.9,25.2,
08/09/18,09:28:06,94.7,26.2,
08/09/18,09:28:06,91.4,21.2,
08/09/18,09:28:06,93.7,26.5,
08/09/18,09:28:06,94.4,24.0,
08/09/18,09:28:06,95.7,26.3,
08/09/18,09:28:06,94.4,27.8,
08/09/18,09:28:06,100.2,23.7,
08/09/18,09:28:06,95.8,22.8,
08/09/18,09:28:06,97.3,26.9,
08/09/18,09:28:06,110.9,29.6,
08/09/18,09:28:06,97.6,24.5,
08/09/18,09:28:06,97.7,24.8,
08/09/18,09:28:06,98.2,26.3,
08/09/18,09:28:06,99.2,25.3,
08/09/18,09:28:06,98.2,24.4,
08/09/18,09:28:06,99.3,24.9,
08/09/18,09:28:07,98.5,25.6,
08/09/18,09:28:07,99.2,26.8,
08/09/18,09:28:07,98.2,27.6,
08/09/18,09:28:07,99.9,24.2,
08/09/18,09:28:07,100.9,24.6,
08/09/18,09:28:07,102.3,26.3,
08/09/18,09:28:07,103.6,25.5,
08/09/18,09:28:07,101.3,27.1,
08/09/18,09:28:07,116.1,33.0,
08/09/18,09:28:07,103.0,26.2,
08/09/18,09:28:07,92.7,32.4,
08/09/18,09:28:07,103.6,25.9,
08/09/18,09:28:07,119.0,30.9,
08/09/18,09:28:07,98.7,19.5,
08/09/18,09:28:07,94.0,30.0,
08/09/18,09:28:07,98.8,19.7,
08/09/18,09:28:07,103.9,27.4,
08/09/18,09:28:07,103.7,21.8,
08/09/18,09:28:08,104.6,27.0,
08/09/18,09:28:08,97.9,17.8,
08/09/18,09:28:08,104.3,27.1,
08/09/18,09:28:08,104.5,26.7,
08/09/18,09:28:08,119.7,36.2,
08/09/18,09:28:08,105.7,27.9,
08/09/18,09:28:08,107.0,26.4,
08/09/18,09:28:08,107.3,26.1,
08/09/18,09:28:08,98.8,30.3,
08/09/18,09:28:08,104.8,27.1,
08/09/18,09:28:08,105.0,25.9,
08/09/18,09:28:08,108.7,22.9,
08/09/18,09:28:08,107.2,26.2,
08/09/18,09:28:08,107.1,28.3,
08/09/18,09:28:08,108.9,28.6,
08/09/18,09:28:08,110.1,26.5,
08/09/18,09:28:09,107.4,27.2,
08/09/18,09:28:09,108.3,27.0,
08/09/18,09:28:09,108.2,26.3,
08/09/18,09:28:09,107.2,24.7,
08/09/18,09:28:09,122.1,33.1,
08/09/18,09:28:09,109.8,27.7,
08/09/18,09:28:09,124.1,31.3,
08/09/18,09:28:09,109.8,26.8,
08/09/18,09:28:09,101.6,30.5,
08/09/18,09:28:09,109.8,27.4,
08/09/18,09:28:09,111.4,25.6,
08/09/18,09:28:09,110.3,27.4,
08/09/18,09:28:09,112.7,28.2,
08/09/18,09:28:09,111.5,26.7,
08/09/18,09:28:09,113.2,27.2,
08/09/18,09:28:09,115.0,28.3,
08/09/18,09:28:10,112.5,28.7,
08/09/18,09:28:10,113.0,28.2,
08/09/18,09:28:10,108.5,30.9,
08/09/18,09:28:10,114.6,28.6,
08/09/18,09:28:10,113.6,28.2,
08/09/18,09:28:10,114.9,29.1,
08/09/18,09:28:10,114.6,27.1,
08/09/18,09:28:10,114.6,27.8,
08/09/18,09:28:10,109.3,17.7,
08/09/18,09:28:10,110.0,20.5,
08/09/18,09:28:10,117.9,28.0,
08/09/18,09:28:10,116.9,29.0,
08/09/18,09:28:10,115.8,27.8,
08/09/18,09:28:10,117.0,25.5,
08/09/18,09:28:10,120.0,28.0,
08/09/18,09:28:10,118.4,27.8,
08/09/18,09:28:10,120.8,25.5,
08/09/18,09:28:11,120.3,28.8,
08/09/18,09:28:11,117.9,26.8,
08/09/18,09:28:11,120.8,29.0,
08/09/18,09:28:11,121.0,25.9,
08/09/18,09:28:11,121.2,28.5,
08/09/18,09:28:11,120.2,28.8,
08/09/18,09:28:11,116.5,21.0,
08/09/18,09:28:11,120.1,29.2,
08/09/18,09:28:11,137.6,33.6,
08/09/18,09:28:11,124.7,26.9,
08/09/18,09:28:11,123.6,29.0,
08/09/18,09:28:11,136.9,34.4,
08/09/18,09:28:11,118.1,30.8,
08/09/18,09:28:11,124.7,30.3,
08/09/18,09:28:11,122.0,27.9,
08/09/18,09:28:11,122.6,29.0,
08/09/18,09:28:11,123.7,26.7,
08/09/18,09:28:12,126.1,27.3,
08/09/18,09:28:12,125.1,28.1,
08/09/18,09:28:12,125.6,26.7,
08/09/18,09:28:12,127.0,28.9,
08/09/18,09:28:12,126.6,29.5,
08/09/18,09:28:12,125.1,28.4,
08/09/18,09:28:12,128.0,26.3,
08/09/18,09:28:12,127.8,27.4,
08/09/18,09:28:12,126.2,31.0,
08/09/18,09:28:12,138.4,32.2,
08/09/18,09:28:12,120.6,31.1,
08/09/18,09:28:12,122.3,29.0,
08/09/18,09:28:12,126.3,28.8,
08/09/18,09:28:12,128.3,28.0,
08/09/18,09:28:12,127.0,29.1,
08/09/18,09:28:12,122.8,17.5,
08/09/18,09:28:12,128.7,26.9,
08/09/18,09:28:12,128.8,25.4,
08/09/18,09:28:13,129.6,24.8,
08/09/18,09:28:13,124.8,19.2,
08/09/18,09:28:13,123.1,29.7,
08/09/18,09:28:13,129.3,23.9,
08/09/18,09:28:13,129.4,23.4,
08/09/18,09:28:13,121.8,25.1,
08/09/18,09:28:13,130.3,25.1,
08/09/18,09:28:13,128.7,24.4,
08/09/18,09:28:13,130.0,25.7,
08/09/18,09:28:13,130.5,25.0,
08/09/18,09:28:13,130.2,21.7,
08/09/18,09:28:13,131.8,22.3,
08/09/18,09:28:13,129.4,24.1,
08/09/18,09:28:13,131.3,26.6,
08/09/18,09:28:13,131.2,25.5,
08/09/18,09:28:13,132.7,25.1,
08/09/18,09:28:13,134.1,24.4,
08/09/18,09:28:13,133.6,24.6,
08/09/18,09:28:14,130.8,19.6,
08/09/18,09:28:14,134.6,26.4,
08/09/18,09:28:14,133.3,26.3,
08/09/18,09:28:14,132.9,23.9,
08/09/18,09:28:14,129.3,16.6,
08/09/18,09:28:14,133.3,23.8,
08/09/18,09:28:14,134.0,24.5,
08/09/18,09:28:14,134.2,22.7,
08/09/18,09:28:14,131.3,28.5,
08/09/18,09:28:14,135.6,25.2,
08/09/18,09:28:14,135.9,26.5,
08/09/18,09:28:14,130.3,28.9,
08/09/18,09:28:14,133.6,18.1,
08/09/18,09:28:14,134.2,27.5,
08/09/18,09:28:14,136.5,28.3,
08/09/18,09:28:14,135.5,25.0,
08/09/18,09:28:14,137.6,25.9,
08/09/18,09:28:14,138.5,25.0,
08/09/18,09:28:15,135.1,18.6,
08/09/18,09:28:15,138.3,26.1,
08/09/18,09:28:15,137.7,24.4,
08/09/18,09:28:15,138.4,27.3,
08/09/18,09:28:15,131.5,27.7,
08/09/18,09:28:15,139.1,24.4,
08/09/18,09:28:15,140.9,25.3,
08/09/18,09:28:15,141.6,25.9,
08/09/18,09:28:15,148.3,29.8,
08/09/18,09:28:15,141.7,25.4,
08/09/18,09:28:15,141.2,27.1,
08/09/18,09:28:15,138.5,19.1,
08/09/18,09:28:15,142.1,25.9,
08/09/18,09:28:15,141.6,24.7,
08/09/18,09:28:15,141.5,26.7,
08/09/18,09:28:15,142.2,29.2,
08/09/18,09:28:15,143.8,26.0,
08/09/18,09:28:16,141.5,26.1,
08/09/18,09:28:16,142.8,29.1,
08/09/18,09:28:16,137.0,29.7,
08/09/18,09:28:16,143.8,27.0,
08/09/18,09:28:16,143.0,26.9,
08/09/18,09:28:16,143.1,28.3,
08/09/18,09:28:16,138.4,30.2,
08/09/18,09:28:16,144.8,26.3,
08/09/18,09:28:16,143.3,28.8,
08/09/18,09:28:16,144.5,28.9,
08/09/18,09:28:16,143.3,27.8,
08/09/18,09:28:16,145.7,30.4,
08/09/18,09:28:16,144.0,29.7,
08/09/18,09:28:16,142.1,19.5,
08/09/18,09:28:16,144.6,27.8,
08/09/18,09:28:16,145.5,28.3,
08/09/18,09:28:16,146.8,30.5,
08/09/18,09:28:17,147.3,29.2,
08/09/18,09:28:17,147.1,29.9,
08/09/18,09:28:17,146.2,30.0,
08/09/18,09:28:17,149.8,29.4,
08/09/18,09:28:17,150.3,28.7,
08/09/18,09:28:17,149.6,25.6,
08/09/18,09:28:17,149.0,28.9,
08/09/18,09:28:17,144.9,17.7,
08/09/18,09:28:17,147.8,27.7,
08/09/18,09:28:17,146.6,20.0,
08/09/18,09:28:17,147.0,21.0,
08/09/18,09:28:17,150.2,26.4,
08/09/18,09:28:17,150.5,29.0,
08/09/18,09:28:17,145.9,32.7,
08/09/18,09:28:17,160.8,30.0,
08/09/18,09:28:17,152.9,29.4,
08/09/18,09:28:17,154.5,28.6,
08/09/18,09:28:17,152.8,27.0,
08/09/18,09:28:18,146.7,29.7,
08/09/18,09:28:18,152.9,26.5,
08/09/18,09:28:18,163.2,31.8,
08/09/18,09:28:18,155.4,28.5,
08/09/18,09:28:18,150.8,17.2,
08/09/18,09:28:18,156.4,30.9,
08/09/18,09:28:18,155.1,28.2,
08/09/18,09:28:18,158.4,27.8,
08/09/18,09:28:18,156.7,28.7,
08/09/18,09:28:18,157.1,27.3,
08/09/18,09:28:18,156.2,30.7,
08/09/18,09:28:18,158.6,26.9,
08/09/18,09:28:18,160.0,28.2,
08/09/18,09:28:18,158.5,26.2,
08/09/18,09:28:18,160.6,29.2,
08/09/18,09:28:18,153.4,30.2,
08/09/18,09:28:19,160.6,27.0,
08/09/18,09:28:19,160.4,28.3,
08/09/18,09:28:19,159.8,26.7,
08/09/18,09:28:19,159.1,28.2,
08/09/18,09:28:19,161.6,27.4,
08/09/18,09:28:19,160.7,27.1,
08/09/18,09:28:19,156.3,15.6,
08/09/18,09:28:19,163.1,27.1,
08/09/18,09:28:19,162.8,24.4,
08/09/18,09:28:19,163.7,28.8,
08/09/18,09:28:19,163.5,26.2,
08/09/18,09:28:19,162.9,28.9,
08/09/18,09:28:19,164.9,25.6,
08/09/18,09:28:19,163.0,26.0,
08/09/18,09:28:19,162.8,25.8,
08/09/18,09:28:19,163.9,30.2,
08/09/18,09:28:20,165.4,29.1,
08/09/18,09:28:20,164.4,24.5,
08/09/18,09:28:20,161.0,16.6,
08/09/18,09:28:20,163.9,30.2,
08/09/18,09:28:20,166.1,24.4,
08/09/18,09:28:20,166.8,26.1,
08/09/18,09:28:20,167.4,27.3,
08/09/18,09:28:20,166.6,26.3,
08/09/18,09:28:20,164.8,17.4,
08/09/18,09:28:20,163.0,15.3,
08/09/18,09:28:20,167.3,25.7,
08/09/18,09:28:20,165.1,32.6,
08/09/18,09:28:20,167.0,25.5,
08/09/18,09:28:20,168.5,25.1,
08/09/18,09:28:20,168.4,27.0,
08/09/18,09:28:20,167.6,23.8,
08/09/18,09:28:20,170.2,23.9,
08/09/18,09:28:20,168.9,24.2,
08/09/18,09:28:21,171.6,26.4,
08/09/18,09:28:21,169.2,23.1,
08/09/18,09:28:21,171.1,25.3,
08/09/18,09:28:21,169.6,26.4,
08/09/18,09:28:21,172.3,23.5,
08/09/18,09:28:21,171.5,21.7,
08/09/18,09:28:21,171.2,16.2,
08/09/18,09:28:21,172.3,22.7,
08/09/18,09:28:21,173.3,21.6,
08/09/18,09:28:21,168.8,26.6,
08/09/18,09:28:21,172.8,24.7,
08/09/18,09:28:21,174.5,25.0,
08/09/18,09:28:21,175.1,25.5,
08/09/18,09:28:21,173.0,23.5,
08/09/18,09:28:21,175.6,25.2,
08/09/18,09:28:22,174.5,22.7,
08/09/18,09:28:22,184.3,28.0,
08/09/18,09:28:22,177.1,24.6,
08/09/18,09:28:22,175.4,23.8,
08/09/18,09:28:22,176.2,23.9,
08/09/18,09:28:22,177.1,23.4,
08/09/18,09:28:22,177.2,21.4,
08/09/18,09:28:22,177.5,24.0,
08/09/18,09:28:22,187.9,28.6,
08/09/18,09:28:22,173.6,12.6,
08/09/18,09:28:22,177.7,25.0,
08/09/18,09:28:22,179.9,25.1,
08/09/18,09:28:22,187.7,30.1,
08/09/18,09:28:22,178.7,22.7,
08/09/18,09:28:22,178.0,25.3,
08/09/18,09:28:23,180.3,24.5,
08/09/18,09:28:23,181.3,25.6,
08/09/18,09:28:23,180.4,24.4,
08/09/18,09:28:23,182.0,22.6,
08/09/18,09:28:23,174.4,26.9,
08/09/18,09:28:23,181.8,25.8,
08/09/18,09:28:23,181.4,24.9,
08/09/18,09:28:23,181.8,24.9,
08/09/18,09:28:23,181.4,24.6,
08/09/18,09:28:23,191.1,28.3,
08/09/18,09:28:23,178.4,25.6,
08/09/18,09:28:23,182.5,24.7,
08/09/18,09:28:23,178.5,24.7,
08/09/18,09:28:23,186.1,22.2,
08/09/18,09:28:23,184.2,23.7,
08/09/18,09:28:23,184.2,25.7,
08/09/18,09:28:24,187.1,21.4,
08/09/18,09:28:24,185.8,24.3,
08/09/18,09:28:24,186.9,23.0,
08/09/18,09:28:24,186.4,24.8,
08/09/18,09:28:24,188.1,21.4,
08/09/18,09:28:24,187.2,22.9,
08/09/18,09:28:24,187.9,27.1,
08/09/18,09:28:24,187.3,23.3,
08/09/18,09:28:24,188.4,22.3,
08/09/18,09:28:24,185.1,22.6,
08/09/18,09:28:24,200.2,21.3,
08/09/18,09:28:24,199.5,25.3,
08/09/18,09:28:24,190.1,20.5,
08/09/18,09:28:24,199.4,24.5,
08/09/18,09:28:24,191.0,22.5,
08/09/18,09:28:25,190.7,24.1,
08/09/18,09:28:25,190.5,23.8,
08/09/18,09:28:25,191.1,23.8,
08/09/18,09:28:25,186.8,24.1,
08/09/18,09:28:25,191.5,21.1,
08/09/18,09:28:25,193.9,18.9,
08/09/18,09:28:25,193.2,20.9,
08/09/18,09:28:25,193.5,23.2,
08/09/18,09:28:25,194.0,23.0,
08/09/18,09:28:25,192.8,14.8,
08/09/18,09:28:25,194.9,23.2,
08/09/18,09:28:25,193.2,21.1,
08/09/18,09:28:25,203.4,23.7,
08/09/18,09:28:25,203.5,23.5,
08/09/18,09:28:25,195.5,21.1,
08/09/18,09:28:25,195.7,14.4,
08/09/18,09:28:25,191.3,24.2,
08/09/18,09:28:25,194.7,13.6,
08/09/18,09:28:25,197.7,19.1,
08/09/18,09:28:25,197.3,18.4,
08/09/18,09:28:25,199.3,19.7,
08/09/18,09:28:26,200.1,16.4,
08/09/18,09:28:26,196.6,18.3,
08/09/18,09:28:26,199.2,19.8,
08/09/18,09:28:26,199.4,18.8,
08/09/18,09:28:26,197.1,24.0,
08/09/18,09:28:26,200.8,19.4,
08/09/18,09:28:26,199.7,15.5,
08/09/18,09:28:26,199.8,20.2,
08/09/18,09:28:26,198.5,8.4,
08/09/18,09:28:26,200.5,17.9,
08/09/18,09:28:26,202.6,20.1,
08/09/18,09:28:26,204.6,16.8,
08/09/18,09:28:26,204.3,16.1,
08/09/18,09:28:26,214.3,21.6,
08/09/18,09:28:26,202.9,17.4,
08/09/18,09:28:26,206.4,19.3,
08/09/18,09:28:27,204.1,18.9,
08/09/18,09:28:27,205.3,19.7,
08/09/18,09:28:27,206.8,19.1,
08/09/18,09:28:27,205.8,20.4,
08/09/18,09:28:27,203.1,10.1,
08/09/18,09:28:27,213.8,20.0,
08/09/18,09:28:27,206.9,15.8,
08/09/18,09:28:27,215.6,18.1,
08/09/18,09:28:27,212.0,17.8,
08/09/18,09:28:27,205.1,18.8,
08/09/18,09:28:27,204.7,12.0,
08/09/18,09:28:27,207.3,15.9,
08/09/18,09:28:27,203.9,18.0,
08/09/18,09:28:27,208.2,15.6,
08/09/18,09:28:28,208.6,16.2,
08/09/18,09:28:28,209.1,18.3,
08/09/18,09:28:28,210.5,15.6,
08/09/18,09:28:28,210.9,17.0,
08/09/18,09:28:28,217.3,18.6,
08/09/18,09:28:28,213.9,16.9,
08/09/18,09:28:28,210.4,14.8,
08/09/18,09:28:28,213.0,19.4,
08/09/18,09:28:28,213.8,16.7,
08/09/18,09:28:28,221.9,20.0,
08/09/18,09:28:28,213.8,17.1,
08/09/18,09:28:28,212.2,16.6,
08/09/18,09:28:28,225.0,19.8,
08/09/18,09:28:28,214.3,17.0,
08/09/18,09:28:28,216.2,14.7,
08/09/18,09:28:29,216.6,15.9,
08/09/18,09:28:29,216.0,14.1,
08/09/18,09:28:29,222.5,17.6,
08/09/18,09:28:29,223.1,19.4,
08/09/18,09:28:29,214.7,16.8,
08/09/18,09:28:29,216.8,14.5,
08/09/18,09:28:29,216.7,14.9,
08/09/18,09:28:29,216.7,14.9,
08/09/18,09:28:29,213.8,14.4,
08/09/18,09:28:29,217.4,16.5,
08/09/18,09:28:29,216.2,7.7,
08/09/18,09:28:29,226.7,15.5,
08/09/18,09:28:29,217.1,12.6,
08/09/18,09:28:29,217.7,15.5,
08/09/18,09:28:29,224.8,14.3,
08/09/18,09:28:30,227.7,18.4,
08/09/18,09:28:30,220.2,16.0,
08/09/18,09:28:30,229.1,16.9,
08/09/18,09:28:30,220.3,16.8,
08/09/18,09:28:30,217.4,3.0,
08/09/18,09:28:30,220.1,12.8,
08/09/18,09:28:30,219.8,17.9,
08/09/18,09:28:30,220.4,14.0,
08/09/18,09:28:30,220.8,16.8,
08/09/18,09:28:30,221.3,14.5,
08/09/18,09:28:30,221.2,18.2,
08/09/18,09:28:30,222.8,16.1,
08/09/18,09:28:30,220.8,20.7,
08/09/18,09:28:30,222.2,18.8,
08/09/18,09:28:30,223.1,16.3,
08/09/18,09:28:30,221.5,18.3,
08/09/18,09:28:30,224.2,17.4,
08/09/18,09:28:30,222.6,19.2,
08/09/18,09:28:30,218.6,20.7,
08/09/18,09:28:30,224.7,16.7,
08/09/18,09:28:30,223.5,20.8,
08/09/18,09:28:31,223.5,18.8,
08/09/18,09:28:31,226.5,16.0,
08/09/18,09:28:31,224.7,20.2,
08/09/18,09:28:31,218.3,20.9,
08/09/18,09:28:31,222.7,15.5,
08/09/18,09:28:31,222.7,12.1,
08/09/18,09:28:31,225.6,20.6,
08/09/18,09:28:31,226.9,20.3,
08/09/18,09:28:31,226.3,21.9,
08/09/18,09:28:31,221.6,21.1,
08/09/18,09:28:31,227.0,22.8,
08/09/18,09:28:31,226.0,24.6,
08/09/18,09:28:31,221.4,24.5,
08/09/18,09:28:31,228.9,23.4,
08/09/18,09:28:31,236.0,26.8,
08/09/18,09:28:31,230.0,21.1,
08/09/18,09:28:32,230.4,22.7,
08/09/18,09:28:32,229.5,23.3,
08/09/18,09:28:32,229.2,24.1,
08/09/18,09:28:32,230.2,23.2,
08/09/18,09:28:32,228.8,24.5,
08/09/18,09:28:32,223.6,25.4,
08/09/18,09:28:32,228.5,15.5,
08/09/18,09:28:32,228.4,24.9,
08/09/18,09:28:32,229.6,24.5,
08/09/18,09:28:32,230.7,20.0,
08/09/18,09:28:32,230.4,22.6,
08/09/18,09:28:32,231.0,23.9,
08/09/18,09:28:32,229.6,25.7,
08/09/18,09:28:32,236.8,28.3,
08/09/18,09:28:32,230.6,24.2,
08/09/18,09:28:32,231.7,26.5,
08/09/18,09:28:33,240.2,27.1,
08/09/18,09:28:33,233.5,25.2,
08/09/18,09:28:33,232.4,24.6,
08/09/18,09:28:33,231.8,28.5,
08/09/18,09:28:33,240.1,31.3,
08/09/18,09:28:33,231.2,27.8,
08/09/18,09:28:33,236.5,29.5,
08/09/18,09:28:33,231.7,27.0,
08/09/18,09:28:33,230.1,28.1,
08/09/18,09:28:33,230.4,28.3,
08/09/18,09:28:33,231.2,27.5,
08/09/18,09:28:33,241.3,28.3,
08/09/18,09:28:33,232.7,28.6,
08/09/18,09:28:33,232.2,24.6,
08/09/18,09:28:33,233.5,23.9,
08/09/18,09:28:34,222.4,27.7,
08/09/18,09:28:34,231.5,27.1,
08/09/18,09:28:34,230.4,26.5,
08/09/18,09:28:34,241.0,27.3,
08/09/18,09:28:34,233.7,22.5,
08/09/18,09:28:34,234.0,25.3,
08/09/18,09:28:34,231.9,27.3,
08/09/18,09:28:34,233.8,27.5,
08/09/18,09:28:34,235.2,26.4,
08/09/18,09:28:34,234.8,27.4,
08/09/18,09:28:34,234.3,30.0,
08/09/18,09:28:34,234.6,27.2,
08/09/18,09:28:34,236.2,27.1,
08/09/18,09:28:34,237.4,24.8,
08/09/18,09:28:34,236.2,27.8,
08/09/18,09:28:35,237.8,25.1,
08/09/18,09:28:35,236.4,24.4,
08/09/18,09:28:35,241.1,23.3,
08/09/18,09:28:35,239.2,27.1,
08/09/18,09:28:35,242.5,27.5,
08/09/18,09:28:35,237.8,25.8,
08/09/18,09:28:35,239.0,28.2,
08/09/18,09:28:35,239.4,29.3,
08/09/18,09:28:35,238.2,25.6,
08/09/18,09:28:35,238.9,27.1,
08/09/18,09:28:35,241.9,25.0,
08/09/18,09:28:35,239.7,27.1,
08/09/18,09:28:35,248.6,26.6,
08/09/18,09:28:35,240.2,27.1,
08/09/18,09:28:35,242.3,24.7,
08/09/18,09:28:35,243.9,28.5,
08/09/18,09:28:36,242.5,26.5,
08/09/18,09:28:36,243.1,24.6,
08/09/18,09:28:36,240.5,25.8,
08/09/18,09:28:36,242.9,25.4,
08/09/18,09:28:36,242.8,24.3,
08/09/18,09:28:36,243.7,26.0,
08/09/18,09:28:36,249.2,29.9,
08/09/18,09:28:36,243.2,23.8,
08/09/18,09:28:36,246.3,25.4,
08/09/18,09:28:36,245.2,22.4,
08/09/18,09:28:36,244.8,25.1,
08/09/18,09:28:36,235.9,26.2,
08/09/18,09:28:36,234.6,27.4,
08/09/18,09:28:36,246.6,23.1,
08/09/18,09:28:36,239.6,24.2,
08/09/18,09:28:36,248.2,25.1,
08/09/18,09:28:36,239.8,26.9,
08/09/18,09:28:36,251.6,22.0,
08/09/18,09:28:36,250.7,22.6,
08/09/18,09:28:37,259.7,21.7,
08/09/18,09:28:37,259.1,16.3,
08/09/18,09:28:37,254.2,17.7,
08/09/18,09:28:37,257.1,18.2,
08/09/18,09:28:37,256.9,17.6,
08/09/18,09:28:37,256.7,15.9,
08/09/18,09:28:37,256.4,17.5,
08/09/18,09:28:37,258.5,15.3,
08/09/18,09:28:37,253.8,-5.1,
08/09/18,09:28:37,259.2,13.5,
08/09/18,09:28:37,255.4,21.5,
08/09/18,09:28:37,252.0,28.8,
08/09/18,09:28:37,247.1,35.7,
08/09/18,09:28:37,249.9,39.5,
08/09/18,09:28:37,255.2,34.9,
08/09/18,09:28:37,251.7,32.2,
08/09/18,09:28:38,253.4,27.7,
08/09/18,09:28:38,255.6,23.4,
08/09/18,09:28:38,257.4,23.0,
08/09/18,09:28:38,253.1,4.0,
08/09/18,09:28:38,258.8,18.8,
08/09/18,09:28:38,259.5,19.6,
08/09/18,09:28:38,255.0,-3.0,
08/09/18,09:28:38,263.3,16.3,
08/09/18,09:28:38,248.8,39.9,
08/09/18,09:28:38,244.2,48.2,
08/09/18,09:28:38,244.8,44.5,
08/09/18,09:28:38,247.5,42.0,
08/09/18,09:28:38,252.4,38.2,
08/09/18,09:28:38,251.4,37.6,
08/09/18,09:28:38,254.0,37.4,
08/09/18,09:28:38,255.4,37.1,
08/09/18,09:28:38,256.5,37.4,
08/09/18,09:28:39,257.7,38.0,
08/09/18,09:28:39,247.9,42.2,
08/09/18,09:28:39,251.9,44.6,
08/09/18,09:28:39,250.7,43.7,
08/09/18,09:28:39,251.2,46.4,
08/09/18,09:28:39,251.8,44.9,
08/09/18,09:28:39,252.1,44.3,
08/09/18,09:28:39,262.7,47.8,
08/09/18,09:28:39,253.2,43.3,
08/09/18,09:28:39,244.1,50.4,
08/09/18,09:28:39,252.9,33.1,
08/09/18,09:28:39,253.0,41.6,
08/09/18,09:28:39,238.2,50.5,
08/09/18,09:28:39,265.3,47.0,
08/09/18,09:28:39,254.5,44.9,
08/09/18,09:28:40,254.8,45.0,
08/09/18,09:28:40,256.0,43.9,
08/09/18,09:28:40,256.0,43.5,
08/09/18,09:28:40,256.6,40.3,
08/09/18,09:28:40,256.5,43.8,
08/09/18,09:28:40,256.1,44.2,
08/09/18,09:28:40,256.9,45.0,
08/09/18,09:28:40,257.5,46.2,
08/09/18,09:28:40,254.3,48.3,
08/09/18,09:28:40,254.5,48.8,
08/09/18,09:28:40,252.4,51.3,
08/09/18,09:28:40,253.5,49.5,
08/09/18,09:28:40,254.4,47.7,
08/09/18,09:28:40,260.0,41.4,
08/09/18,09:28:40,251.3,44.0,
08/09/18,09:28:40,251.7,51.1,
08/09/18,09:28:41,254.2,51.2,
08/09/18,09:28:42,255.3,50.7,
08/09/18,09:28:42,253.7,56.6,
08/09/18,09:28:42,252.1,50.6,
08/09/18,09:28:42,253.1,57.5,
08/09/18,09:28:42,252.4,55.5,
08/09/18,09:28:42,252.8,57.9,
08/09/18,09:28:42,253.3,58.0,
08/09/18,09:28:42,254.0,55.5,
08/09/18,09:28:42,252.0,57.1,
08/09/18,09:28:42,250.6,57.6,
08/09/18,09:28:42,252.2,59.7,
08/09/18,09:28:42,248.1,52.2,
08/09/18,09:28:42,252.9,60.4,
08/09/18,09:28:42,251.3,58.5,
08/09/18,09:28:42,250.4,59.7,
08/09/18,09:28:42,252.7,57.5,
08/09/18,09:28:43,251.4,59.4,
08/09/18,09:28:43,249.6,59.3,
08/09/18,09:28:43,250.1,59.9,
08/09/18,09:28:43,247.8,61.7,
08/09/18,09:28:43,250.9,60.2,
08/09/18,09:28:43,250.6,61.0,
08/09/18,09:28:43,251.2,61.1,
08/09/18,09:28:43,249.5,60.2,
08/09/18,09:28:43,247.6,57.3,
08/09/18,09:28:43,247.9,61.5,
08/09/18,09:28:43,250.5,63.3,
08/09/18,09:28:43,250.9,65.9,
08/09/18,09:28:43,250.4,64.7,
08/09/18,09:28:43,251.6,63.3,
08/09/18,09:28:43,250.8,66.2,
08/09/18,09:28:43,251.1,64.8,
08/09/18,09:28:43,253.0,66.2,
08/09/18,09:28:43,251.3,68.9,
08/09/18,09:28:44,251.3,66.4,
08/09/18,09:28:44,251.0,68.8,
08/09/18,09:28:44,250.6,67.8,
08/09/18,09:28:44,251.6,69.3,
08/09/18,09:28:44,258.8,58.6,
08/09/18,09:28:44,251.7,68.1,
08/09/18,09:28:44,250.6,68.6,
08/09/18,09:28:44,253.0,69.5,
08/09/18,09:28:44,251.9,70.7,
08/09/18,09:28:44,252.0,69.6,
08/09/18,09:28:44,261.0,60.2,
08/09/18,09:28:44,250.8,71.2,
08/09/18,09:28:44,249.0,64.0,
08/09/18,09:28:44,251.7,70.3,
08/09/18,09:28:44,251.8,71.9,
08/09/18,09:28:44,251.2,71.7,
08/09/18,09:28:45,238.5,88.6,
08/09/18,09:28:45,247.7,60.5,
08/09/18,09:28:45,252.3,72.8,
08/09/18,09:28:45,251.7,72.8,
08/09/18,09:28:45,252.4,73.8,
08/09/18,09:28:45,251.8,70.8,
08/09/18,09:28:45,251.9,70.8,
08/09/18,09:28:45,251.1,71.2,
08/09/18,09:28:45,251.0,74.6,
08/09/18,09:28:45,249.6,73.1,
08/09/18,09:28:45,251.2,74.3,
08/09/18,09:28:45,247.5,62.9,
08/09/18,09:28:45,251.7,72.5,
08/09/18,09:28:45,250.9,73.1,
08/09/18,09:28:45,250.3,74.1,
08/09/18,09:28:45,261.0,63.2,
08/09/18,09:28:45,252.0,74.4,
08/09/18,09:28:46,250.2,73.4,
08/09/18,09:28:46,251.9,74.3,
08/09/18,09:28:46,249.4,73.9,
08/09/18,09:28:46,248.9,76.1,
08/09/18,09:28:46,249.0,74.5,
08/09/18,09:28:46,251.4,75.7,
08/09/18,09:28:46,256.3,77.3,
08/09/18,09:28:46,248.0,74.7,
08/09/18,09:28:46,248.3,73.2,
08/09/18,09:28:46,250.7,75.2,
08/09/18,09:28:46,256.6,79.6,
08/09/18,09:28:46,250.9,76.7,
08/09/18,09:28:46,248.3,73.1,
08/09/18,09:28:46,248.5,76.6,
08/09/18,09:28:47,249.1,77.1,
08/09/18,09:28:47,255.2,77.5,
08/09/18,09:28:47,243.7,65.5,
08/09/18,09:28:47,248.4,77.6,
08/09/18,09:28:47,250.2,77.3,
08/09/18,09:28:47,249.0,76.8,
08/09/18,09:28:47,255.2,79.9,
08/09/18,09:28:47,248.6,77.8,
08/09/18,09:28:47,248.9,76.4,
08/09/18,09:28:47,250.3,79.3,
08/09/18,09:28:47,247.0,77.1,
08/09/18,09:28:47,247.8,80.3,
08/09/18,09:28:47,247.5,77.6,
08/09/18,09:28:48,254.8,80.9,
08/09/18,09:28:48,248.0,79.4,
08/09/18,09:28:48,249.7,78.5,
08/09/18,09:28:48,248.4,77.8,
08/09/18,09:28:48,248.7,79.4,
08/09/18,09:28:48,247.8,79.3,
08/09/18,09:28:48,248.9,79.3,
08/09/18,09:28:48,246.7,79.5,
08/09/18,09:28:48,243.6,69.6,
08/09/18,09:28:48,246.7,81.1,
08/09/18,09:28:48,248.6,81.4,
08/09/18,09:28:48,245.5,81.9,
08/09/18,09:28:48,249.6,82.6,
08/09/18,09:28:48,247.8,82.4,
08/09/18,09:28:49,247.7,83.0,
08/09/18,09:28:49,246.8,82.4,
08/09/18,09:28:49,246.0,83.9,
08/09/18,09:28:49,246.5,81.2,
08/09/18,09:28:49,248.5,82.7,
08/09/18,09:28:49,246.7,83.8,
08/09/18,09:28:49,249.0,84.4,
08/09/18,09:28:49,249.9,81.0,
08/09/18,09:28:49,254.2,88.1,
08/09/18,09:28:49,254.6,88.3,
08/09/18,09:28:49,246.1,85.2,
08/09/18,09:28:49,247.0,85.9,
08/09/18,09:28:49,246.8,84.8,
08/09/18,09:28:49,256.5,76.4,
08/09/18,09:28:49,233.0,102.9,
08/09/18,09:28:49,247.6,85.7,
08/09/18,09:28:49,247.2,83.6,
08/09/18,09:28:49,247.1,85.3,
08/09/18,09:28:49,248.3,83.8,
08/09/18,09:28:49,246.2,85.8,
08/09/18,09:28:49,247.3,86.4,
08/09/18,09:28:49,245.7,86.4,
08/09/18,09:28:49,247.1,86.4,
08/09/18,09:28:50,246.1,87.4,
08/09/18,09:28:50,246.0,86.7,
08/09/18,09:28:50,246.7,87.5,
08/09/18,09:28:50,245.8,87.3,
08/09/18,09:28:50,246.4,88.2,
08/09/18,09:28:50,245.3,89.6,
08/09/18,09:28:50,248.1,89.8,
08/09/18,09:28:50,247.1,88.0,
08/09/18,09:28:50,252.1,91.2,
08/09/18,09:28:50,245.0,89.2,
08/09/18,09:28:50,245.3,88.0,
08/09/18,09:28:50,253.8,95.2,
08/09/18,09:28:50,245.0,91.6,
08/09/18,09:28:50,246.3,89.6,
08/09/18,09:28:50,242.4,80.4,
08/09/18,09:28:50,246.5,92.5,
08/09/18,09:28:50,259.2,82.3,
08/09/18,09:28:51,247.2,93.1,
08/09/18,09:28:51,256.3,79.7,
08/09/18,09:28:51,233.6,111.0,
08/09/18,09:28:51,246.2,92.7,
08/09/18,09:28:51,247.9,92.0,
08/09/18,09:28:51,252.5,97.3,
08/09/18,09:28:51,241.2,79.6,
08/09/18,09:28:51,253.8,95.6,
08/09/18,09:28:51,246.8,94.6,
08/09/18,09:28:51,254.3,97.8,
08/09/18,09:28:51,240.3,79.5,
08/09/18,09:28:51,247.3,93.9,
08/09/18,09:28:51,247.0,95.7,
08/09/18,09:28:51,242.0,83.8,
08/09/18,09:28:51,253.2,99.7,
08/09/18,09:28:51,248.6,94.7,
08/09/18,09:28:51,246.0,96.3,
08/09/18,09:28:51,234.3,116.5,
08/09/18,09:28:51,240.4,82.0,
08/09/18,09:28:52,246.7,97.1,
08/09/18,09:28:52,238.7,83.6,
08/09/18,09:28:52,241.8,85.3,
08/09/18,09:28:52,247.0,96.2,
08/09/18,09:28:52,242.8,83.1,
08/09/18,09:28:52,247.0,98.7,
08/09/18,09:28:52,247.1,98.5,
08/09/18,09:28:52,246.8,99.7,
08/09/18,09:28:52,248.3,100.7,
08/09/18,09:28:52,246.6,100.2,
08/09/18,09:28:52,246.8,100.9,
08/09/18,09:28:52,247.1,102.0,
08/09/18,09:28:52,254.1,104.4,
08/09/18,09:28:52,246.7,101.1,
08/09/18,09:28:52,248.7,102.0,
08/09/18,09:28:52,247.6,102.2,
08/09/18,09:28:52,250.0,100.7,
08/09/18,09:28:53,253.1,108.0,
08/09/18,09:28:53,246.2,104.9,
08/09/18,09:28:53,239.3,88.2,
08/09/18,09:28:53,249.7,105.2,
08/09/18,09:28:53,248.8,104.1,
08/09/18,09:28:53,248.8,103.6,
08/09/18,09:28:53,242.3,89.9,
08/09/18,09:28:53,248.8,104.2,
08/09/18,09:28:53,248.0,104.6,
08/09/18,09:28:53,247.6,105.3,
08/09/18,09:28:53,249.2,105.5,
08/09/18,09:28:53,248.8,107.8,
08/09/18,09:28:53,254.5,112.2,
08/09/18,09:28:53,247.7,108.2,
08/09/18,09:28:53,249.7,107.7,
08/09/18,09:28:53,249.0,106.1,
08/09/18,09:28:53,251.1,107.9,
08/09/18,09:28:54,249.4,109.3,
08/09/18,09:28:54,249.9,108.2,
08/09/18,09:28:54,249.8,108.7,
08/09/18,09:28:54,249.2,109.0,
08/09/18,09:28:54,258.7,98.4,
08/09/18,09:28:54,253.7,113.6,
08/09/18,09:28:54,249.5,108.5,
08/09/18,09:28:54,246.7,107.6,
08/09/18,09:28:54,240.0,94.2,
08/09/18,09:28:54,253.0,112.9,
08/09/18,09:28:54,247.9,107.7,
08/09/18,09:28:54,246.0,109.2,
08/09/18,09:28:54,247.8,111.7,
08/09/18,09:28:54,236.2,134.9,
08/09/18,09:28:54,248.0,111.6,
08/09/18,09:28:54,248.2,112.8,
08/09/18,09:28:54,253.6,115.5,
08/09/18,09:28:55,247.7,112.4,
08/09/18,09:28:55,252.8,116.7,
08/09/18,09:28:55,248.2,114.5,
08/09/18,09:28:55,247.2,111.5,
08/09/18,09:28:55,247.5,112.8,
08/09/18,09:28:55,249.3,113.9,
08/09/18,09:28:55,249.1,113.9,
08/09/18,09:28:55,240.6,96.5,
08/09/18,09:28:55,247.6,114.6,
08/09/18,09:28:55,247.4,114.5,
08/09/18,09:28:55,248.5,115.1,
08/09/18,09:28:55,240.1,96.4,
08/09/18,09:28:55,254.3,117.4,
08/09/18,09:28:55,249.0,112.9,
08/09/18,09:28:55,247.3,114.2,
08/09/18,09:28:55,247.6,115.0,
08/09/18,09:28:56,247.0,114.5,
08/09/18,09:28:56,247.9,116.7,
08/09/18,09:28:56,247.7,117.0,
08/09/18,09:28:56,246.6,116.0,
08/09/18,09:28:56,247.2,115.2,
08/09/18,09:28:56,246.7,117.6,
08/09/18,09:28:56,253.2,123.1,
08/09/18,09:28:56,249.6,119.3,
08/09/18,09:28:56,246.6,118.4,
08/09/18,09:28:56,236.2,142.0,
08/09/18,09:28:56,254.5,124.7,
08/09/18,09:28:56,247.6,118.8,
08/09/18,09:28:56,245.8,118.1,
08/09/18,09:28:56,240.7,103.7,
08/09/18,09:28:56,256.4,126.5,
08/09/18,09:28:56,249.6,121.2,
08/09/18,09:28:57,248.6,120.5,
08/09/18,09:28:57,240.3,104.3,
08/09/18,09:28:57,247.2,119.9,
08/09/18,09:28:57,247.4,121.2,
08/09/18,09:28:57,249.1,120.5,
08/09/18,09:28:57,248.5,123.8,
08/09/18,09:28:57,249.8,122.8,
08/09/18,09:28:57,247.3,122.6,
08/09/18,09:28:57,239.6,106.8,
08/09/18,09:28:57,248.9,123.2,
08/09/18,09:28:57,246.7,121.6,
08/09/18,09:28:57,247.5,125.4,
08/09/18,09:28:57,248.5,123.3,
08/09/18,09:28:57,248.4,123.9,
08/09/18,09:28:57,234.3,150.6,
08/09/18,09:28:58,247.3,127.1,
08/09/18,09:28:58,245.5,125.3,
08/09/18,09:28:58,238.7,110.2,
08/09/18,09:28:58,240.7,111.3,
08/09/18,09:28:58,236.6,107.1,
08/09/18,09:28:58,237.7,108.3,
08/09/18,09:28:58,261.3,120.9,
08/09/18,09:28:58,258.6,119.3,
08/09/18,09:28:58,254.7,131.8,
08/09/18,09:28:58,249.3,128.0,
08/09/18,09:28:58,247.2,129.4,
08/09/18,09:28:58,247.9,128.6,
08/09/18,09:28:58,247.3,128.7,
08/09/18,09:28:58,247.1,128.8,
08/09/18,09:28:58,246.2,130.5,
08/09/18,09:28:58,236.5,109.4,
08/09/18,09:28:59,247.4,130.3,
08/09/18,09:28:59,247.1,130.1,
08/09/18,09:28:59,247.5,129.5,
08/09/18,09:28:59,247.0,130.2,
08/09/18,09:28:59,245.8,130.7,
08/09/18,09:28:59,234.8,112.7,
08/09/18,09:28:59,245.7,132.7,
08/09/18,09:28:59,247.1,132.6,
08/09/18,09:28:59,245.8,132.2,
08/09/18,09:28:59,254.9,137.2,
08/09/18,09:28:59,233.4,111.9,
08/09/18,09:28:59,234.1,112.4,
08/09/18,09:28:59,244.9,133.0,
08/09/18,09:28:59,247.0,132.5,
08/09/18,09:28:59,244.8,133.9,
08/09/18,09:29:00,255.5,143.2,
08/09/18,09:29:00,255.7,141.0,
08/09/18,09:29:00,246.2,134.5,
08/09/18,09:29:00,254.3,143.0,
08/09/18,09:29:00,245.8,135.0,
08/09/18,09:29:00,255.1,141.4,
08/09/18,09:29:00,246.9,133.8,
08/09/18,09:29:00,244.7,135.6,
08/09/18,09:29:00,245.6,133.9,
08/09/18,09:29:00,254.2,142.8,
08/09/18,09:29:00,247.8,135.4,
08/09/18,09:29:00,246.2,135.4,
08/09/18,09:29:00,246.2,135.3,
08/09/18,09:29:00,245.4,134.9,
08/09/18,09:29:01,246.7,134.8,
08/09/18,09:29:01,246.1,136.7,
08/09/18,09:29:01,234.6,125.0,
08/09/18,09:29:01,246.8,145.3,
08/09/18,09:29:02,257.0,139.5,
08/09/18,09:29:02,247.1,144.9,
08/09/18,09:29:02,247.4,147.5,
08/09/18,09:29:02,259.9,137.5,
08/09/18,09:29:02,235.0,129.1,
08/09/18,09:29:02,252.2,152.9,
08/09/18,09:29:02,237.5,134.0,
08/09/18,09:29:02,236.6,128.9,
08/09/18,09:29:02,247.4,148.4,
08/09/18,09:29:02,248.7,146.9,
08/09/18,09:29:02,260.6,140.6,
08/09/18,09:29:02,247.5,149.3,
08/09/18,09:29:02,258.8,142.1,
08/09/18,09:29:02,247.0,150.1,
08/09/18,09:29:02,250.4,147.0,
08/09/18,09:29:02,248.7,148.3,
08/09/18,09:29:02,247.9,149.6,
08/09/18,09:29:02,248.2,148.8,
08/09/18,09:29:02,246.5,149.7,
08/09/18,09:29:03,249.3,151.4,
08/09/18,09:29:03,247.9,151.4,
08/09/18,09:29:03,248.3,151.9,
08/09/18,09:29:03,245.9,152.8,
08/09/18,09:29:03,249.0,151.9,
08/09/18,09:29:03,248.0,152.7,
08/09/18,09:29:03,246.7,152.5,
08/09/18,09:29:03,252.2,158.9,
08/09/18,09:29:03,246.5,152.9,
08/09/18,09:29:03,246.8,152.7,
08/09/18,09:29:03,247.9,153.2,
08/09/18,09:29:03,259.7,144.9,
08/09/18,09:29:03,247.2,154.7,
08/09/18,09:29:03,247.1,154.3,
08/09/18,09:29:03,247.0,154.1,
08/09/18,09:29:03,245.4,154.8,
08/09/18,09:29:03,245.5,156.0,
08/09/18,09:29:04,243.8,154.1,
08/09/18,09:29:04,245.4,155.1,
08/09/18,09:29:04,236.1,142.8,
08/09/18,09:29:04,244.7,155.9,
08/09/18,09:29:04,245.9,159.1,
08/09/18,09:29:04,233.9,144.9,
08/09/18,09:29:04,245.4,158.3,
08/09/18,09:29:04,255.5,151.9,
08/09/18,09:29:04,245.5,159.0,
08/09/18,09:29:04,257.5,150.1,
08/09/18,09:29:04,236.1,144.8,
08/09/18,09:29:04,236.4,148.2,
08/09/18,09:29:04,249.1,166.2,
08/09/18,09:29:04,245.0,159.6,
08/09/18,09:29:04,246.5,160.1,
08/09/18,09:29:04,246.7,156.9,
08/09/18,09:29:04,245.1,158.0,
08/09/18,09:29:04,245.2,160.9,
08/09/18,09:29:05,244.5,161.2,
08/09/18,09:29:05,246.3,161.6,
08/09/18,09:29:05,256.7,153.1,
08/09/18,09:29:05,236.0,146.6,
08/09/18,09:29:05,246.8,161.5,
08/09/18,09:29:05,256.6,155.0,
08/09/18,09:29:05,249.2,169.6,
08/09/18,09:29:05,235.1,148.2,
08/09/18,09:29:05,237.1,182.9,
08/09/18,09:29:05,251.4,167.8,
08/09/18,09:29:05,243.9,164.3,
08/09/18,09:29:05,244.2,163.8,
08/09/18,09:29:05,246.1,164.2,
08/09/18,09:29:05,245.8,163.2,
08/09/18,09:29:05,244.7,162.8,
08/09/18,09:29:05,256.7,156.4,
08/09/18,09:29:05,245.6,164.4,
08/09/18,09:29:05,247.5,163.0,
08/09/18,09:29:06,250.9,170.7,
08/09/18,09:29:06,256.0,158.9,
08/09/18,09:29:06,244.9,162.3,
08/09/18,09:29:06,245.0,164.3,
08/09/18,09:29:06,244.7,165.9,
08/09/18,09:29:06,244.8,165.2,
08/09/18,09:29:06,243.0,165.2,
08/09/18,09:29:06,243.0,164.3,
08/09/18,09:29:06,244.3,165.3,
08/09/18,09:29:06,243.3,165.9,
08/09/18,09:29:06,243.5,165.5,
08/09/18,09:29:06,235.7,187.2,
08/09/18,09:29:06,243.1,166.7,
08/09/18,09:29:06,244.1,169.9,
08/09/18,09:29:06,244.6,169.1,
08/09/18,09:29:06,242.7,168.0,
08/09/18,09:29:07,254.8,161.9,
08/09/18,09:29:07,243.1,169.0,
08/09/18,09:29:07,236.1,183.9,
08/09/18,09:29:07,251.6,180.2,
08/09/18,09:29:07,248.1,177.6,
08/09/18,09:29:07,241.8,169.7,
08/09/18,09:29:07,242.9,170.6,
08/09/18,09:29:07,243.6,171.9,
08/09/18,09:29:07,242.3,169.7,
08/09/18,09:29:07,244.0,171.9,
08/09/18,09:29:07,243.9,169.4,
08/09/18,09:29:07,254.8,165.2,
08/09/18,09:29:07,243.6,172.7,
08/09/18,09:29:07,243.8,173.0,
08/09/18,09:29:07,244.8,174.5,
08/09/18,09:29:07,245.4,174.1,
08/09/18,09:29:07,244.2,173.4,
08/09/18,09:29:08,245.2,174.0,
08/09/18,09:29:08,244.3,173.4,
08/09/18,09:29:08,245.4,174.7,
08/09/18,09:29:08,232.7,161.6,
08/09/18,09:29:08,242.6,172.1,
08/09/18,09:29:08,244.1,174.1,
08/09/18,09:29:08,244.5,175.7,
08/09/18,09:29:08,245.6,174.8,
08/09/18,09:29:08,244.7,175.0,
08/09/18,09:29:08,244.0,175.3,
08/09/18,09:29:08,249.6,181.1,
08/09/18,09:29:08,229.3,157.8,
08/09/18,09:29:08,244.6,174.1,
08/09/18,09:29:08,244.6,175.5,
08/09/18,09:29:08,255.9,169.0,
08/09/18,09:29:08,246.0,179.1,
08/09/18,09:29:08,246.4,179.7,
08/09/18,09:29:09,235.7,193.3,
08/09/18,09:29:09,244.5,177.3,
08/09/18,09:29:09,242.8,173.6,
08/09/18,09:29:09,245.0,174.0,
08/09/18,09:29:09,250.3,182.4,
08/09/18,09:29:09,229.6,156.9,
08/09/18,09:29:09,245.7,176.8,
08/09/18,09:29:09,245.9,179.3,
08/09/18,09:29:09,245.2,176.7,
08/09/18,09:29:09,245.1,178.3,
08/09/18,09:29:09,233.7,168.7,
08/09/18,09:29:09,244.9,178.2,
08/09/18,09:29:09,249.1,186.0,
08/09/18,09:29:09,245.2,179.6,
08/09/18,09:29:10,245.3,178.5,
08/09/18,09:29:10,245.6,178.8,
08/09/18,09:29:10,246.2,179.1,
08/09/18,09:29:10,245.5,181.5,
08/09/18,09:29:10,245.5,179.2,
08/09/18,09:29:10,243.9,176.9,
08/09/18,09:29:10,246.3,181.8,
08/09/18,09:29:10,234.4,169.2,
08/09/18,09:29:10,245.8,182.3,
08/09/18,09:29:10,258.8,175.2,
08/09/18,09:29:10,246.8,178.9,
08/09/18,09:29:10,247.2,180.1,
08/09/18,09:29:10,230.9,168.6,
08/09/18,09:29:10,251.7,188.0,
08/09/18,09:29:10,248.3,180.3,
08/09/18,09:29:11,248.4,181.9,
08/09/18,09:29:11,252.3,188.2,
08/09/18,09:29:11,248.3,182.0,
08/09/18,09:29:12,251.0,180.8,
08/09/18,09:29:12,243.3,204.4,
08/09/18,09:29:12,250.9,182.6,
08/09/18,09:29:12,250.9,184.0,
08/09/18,09:29:12,250.2,183.0,
08/09/18,09:29:12,250.5,184.0,
08/09/18,09:29:12,249.1,183.2,
08/09/18,09:29:12,237.0,171.7,
08/09/18,09:29:12,250.2,184.2,
08/09/18,09:29:12,250.3,183.5,
08/09/18,09:29:12,249.5,184.4,
08/09/18,09:29:12,254.1,190.0,
08/09/18,09:29:12,235.6,172.5,
08/09/18,09:29:12,248.2,183.6,
08/09/18,09:29:12,250.8,184.4,
08/09/18,09:29:12,249.7,188.7,
08/09/18,09:29:12,268.3,176.1,
08/09/18,09:29:12,251.9,184.6,
08/09/18,09:29:12,251.9,186.7,
08/09/18,09:29:13,251.8,186.2,
08/09/18,09:29:13,266.3,180.6,
08/09/18,09:29:13,250.1,186.7,
08/09/18,09:29:13,251.7,186.4,
08/09/18,09:29:13,251.1,188.0,
08/09/18,09:29:13,250.8,185.9,
08/09/18,09:29:13,249.2,189.5,
08/09/18,09:29:13,256.2,194.2,
08/09/18,09:29:13,252.7,186.7,
08/09/18,09:29:13,251.4,189.5,
08/09/18,09:29:13,250.8,189.1,
08/09/18,09:29:13,252.2,188.2,
08/09/18,09:29:13,252.5,190.3,
08/09/18,09:29:13,249.8,188.5,
08/09/18,09:29:13,246.6,209.0,
08/09/18,09:29:14,249.1,192.2,
08/09/18,09:29:14,253.7,194.1,
08/09/18,09:29:14,253.6,197.2,
08/09/18,09:29:14,249.4,190.4,
08/09/18,09:29:14,250.2,191.3,
08/09/18,09:29:14,249.3,195.6,
08/09/18,09:29:14,255.0,197.1,
08/09/18,09:29:14,250.2,194.8,
08/09/18,09:29:14,251.6,195.9,
08/09/18,09:29:14,248.5,195.1,
08/09/18,09:29:14,248.8,195.8,
08/09/18,09:29:14,249.0,197.1,
08/09/18,09:29:14,250.0,195.8,
08/09/18,09:29:15,250.7,195.7,
08/09/18,09:29:15,247.3,197.4,
08/09/18,09:29:15,249.1,200.2,
08/09/18,09:29:15,251.6,200.3,
08/09/18,09:29:15,250.0,196.6,
08/09/18,09:29:15,248.4,199.9,
08/09/18,09:29:15,259.1,195.8,
08/09/18,09:29:15,238.8,191.9,
08/09/18,09:29:15,249.4,197.8,
08/09/18,09:29:15,247.3,202.8,
08/09/18,09:29:15,250.9,198.6,
08/09/18,09:29:15,250.0,200.2,
08/09/18,09:29:15,251.1,202.6,
08/09/18,09:29:15,241.1,197.3,
08/09/18,09:29:15,248.1,201.7,
08/09/18,09:29:16,248.1,200.1,
08/09/18,09:29:16,249.1,203.0,
08/09/18,09:29:16,249.1,200.6,
08/09/18,09:29:16,247.3,201.5,
08/09/18,09:29:16,250.9,200.4,
08/09/18,09:29:16,250.1,201.4,
08/09/18,09:29:16,249.4,202.2,
08/09/18,09:29:16,249.1,202.1,
08/09/18,09:29:16,250.0,201.1,
08/09/18,09:29:16,241.2,194.7,
08/09/18,09:29:16,251.3,200.1,
08/09/18,09:29:16,250.7,196.3,
08/09/18,09:29:16,249.2,195.1,
08/09/18,09:29:17,240.5,191.0,
08/09/18,09:29:17,247.9,212.3,
08/09/18,09:29:17,248.1,211.7,
08/09/18,09:29:17,238.1,206.0,
08/09/18,09:29:17,243.6,210.4,
08/09/18,09:29:18,240.4,219.6,
08/09/18,09:29:18,253.3,204.9,
08/09/18,09:29:18,235.7,205.6,
08/09/18,09:29:18,241.2,208.4,
08/09/18,09:29:18,243.8,211.4,
08/09/18,09:29:18,237.7,218.4,
08/09/18,09:29:18,243.4,210.0,
08/09/18,09:29:18,243.8,210.3,
08/09/18,09:29:18,254.3,205.7,
08/09/18,09:29:18,241.5,208.7,
08/09/18,09:29:18,241.7,212.7,
08/09/18,09:29:18,241.8,209.9,
08/09/18,09:29:18,241.2,218.6,
08/09/18,09:29:18,240.9,218.7,
08/09/18,09:29:18,242.0,219.7,
08/09/18,09:29:18,239.7,219.4,
08/09/18,09:29:19,239.6,216.9,
08/09/18,09:29:19,237.6,218.8,
08/09/18,09:29:19,239.5,217.1,
08/09/18,09:29:19,254.0,216.0,
08/09/18,09:29:19,237.5,221.0,
08/09/18,09:29:19,228.1,217.5,
08/09/18,09:29:19,239.1,219.2,
08/09/18,09:29:19,238.3,219.1,
08/09/18,09:29:19,250.2,214.9,
08/09/18,09:29:19,226.1,216.5,
08/09/18,09:29:19,236.0,219.1,
08/09/18,09:29:19,237.8,217.4,
08/09/18,09:29:19,236.2,220.5,
08/09/18,09:29:19,237.8,219.4,
08/09/18,09:29:19,239.3,222.6,
08/09/18,09:29:19,239.6,222.9,
08/09/18,09:29:19,235.2,221.4,
08/09/18,09:29:19,233.1,219.0,
08/09/18,09:29:20,236.6,218.0,
08/09/18,09:29:20,233.8,219.3,
08/09/18,09:29:20,233.3,219.3,
08/09/18,09:29:20,233.7,218.8,
08/09/18,09:29:20,233.6,216.2,
08/09/18,09:29:20,231.4,223.8,
08/09/18,09:29:20,235.3,217.2,
08/09/18,09:29:20,221.5,213.2,
08/09/18,09:29:20,232.0,214.7,
08/09/18,09:29:20,233.2,215.7,
08/09/18,09:29:20,232.0,215.6,
08/09/18,09:29:20,230.1,214.3,
08/09/18,09:29:20,231.4,212.3,
08/09/18,09:29:20,227.3,211.2,
08/09/18,09:29:20,226.4,211.4,
08/09/18,09:29:20,229.5,214.0,
08/09/18,09:29:20,216.7,206.3,
08/09/18,09:29:21,228.5,212.9,
08/09/18,09:29:21,236.9,212.1,
08/09/18,09:29:21,231.2,217.9,
08/09/18,09:29:21,241.3,237.3,
08/09/18,09:29:21,237.9,232.8,
08/09/18,09:29:21,238.0,233.1,
08/09/18,09:29:21,233.3,254.1,
08/09/18,09:29:21,235.8,231.0,
08/09/18,09:29:21,234.9,235.4,
08/09/18,09:29:21,235.6,231.6,
08/09/18,09:29:21,232.6,227.9,
08/09/18,09:29:21,235.9,231.4,
08/09/18,09:29:21,234.3,233.3,
08/09/18,09:29:21,234.5,233.1,
08/09/18,09:29:21,235.8,233.1,
08/09/18,09:29:21,233.2,228.1,
08/09/18,09:29:21,224.7,230.7,
08/09/18,09:29:22,233.0,233.8,
08/09/18,09:29:22,231.2,233.1,
08/09/18,09:29:22,232.7,229.7,
08/09/18,09:29:22,233.5,231.6,
08/09/18,09:29:22,229.4,238.0,
08/09/18,09:29:22,244.1,226.5,
08/09/18,09:29:22,230.6,231.3,
08/09/18,09:29:22,230.5,230.5,
08/09/18,09:29:22,231.5,231.4,
08/09/18,09:29:22,231.0,226.5,
08/09/18,09:29:22,229.9,229.2,
08/09/18,09:29:22,220.3,222.3,
08/09/18,09:29:22,226.0,235.6,
08/09/18,09:29:22,228.4,226.3,
08/09/18,09:29:22,229.7,224.0,
08/09/18,09:29:23,225.2,220.9,
08/09/18,09:29:23,226.3,220.4,
08/09/18,09:29:23,220.7,221.9,
08/09/18,09:29:23,227.5,222.5,
08/09/18,09:29:23,229.7,226.0,
08/09/18,09:29:23,229.6,225.6,
08/09/18,09:29:23,227.4,223.4,
08/09/18,09:29:23,228.1,223.3,
08/09/18,09:29:23,227.5,223.1,
08/09/18,09:29:23,226.0,220.8,
08/09/18,09:29:23,225.6,223.8,
08/09/18,09:29:23,225.4,224.5,
08/09/18,09:29:23,216.5,222.0,
08/09/18,09:29:23,220.3,219.1,
08/09/18,09:29:24,224.2,223.3,
08/09/18,09:29:24,223.0,222.0,
08/09/18,09:29:24,223.2,224.0,
08/09/18,09:29:24,223.3,224.3,
08/09/18,09:29:24,222.5,224.8,
08/09/18,09:29:24,224.2,222.2,
08/09/18,09:29:24,222.4,224.0,
08/09/18,09:29:24,212.9,219.7,
08/09/18,09:29:24,215.6,221.5,
08/09/18,09:29:24,213.9,221.7,
08/09/18,09:29:24,221.0,224.1,
08/09/18,09:29:24,220.8,223.2,
08/09/18,09:29:24,218.2,225.4,
08/09/18,09:29:24,218.9,223.6,
08/09/18,09:29:25,218.0,224.6,
08/09/18,09:29:25,217.2,223.6,
08/09/18,09:29:25,216.5,223.3,
08/09/18,09:29:25,217.0,223.4,
08/09/18,09:29:25,217.0,224.3,
08/09/18,09:29:26,216.8,222.3,
08/09/18,09:29:26,205.9,227.4,
08/09/18,09:29:26,209.3,219.7,
08/09/18,09:29:26,219.0,217.6,
08/09/18,09:29:26,209.4,220.8,
08/09/18,09:29:26,219.4,215.6,
08/09/18,09:29:26,209.6,221.2,
08/09/18,09:29:26,207.8,219.4,
08/09/18,09:29:26,203.4,228.1,
08/09/18,09:29:26,197.0,217.4,
08/09/18,09:29:26,206.4,222.6,
08/09/18,09:29:26,205.5,219.4,
08/09/18,09:29:26,204.4,226.0,
08/09/18,09:29:26,195.7,218.9,
08/09/18,09:29:26,205.6,220.4,
08/09/18,09:29:26,205.1,221.4,
08/09/18,09:29:26,205.7,220.8,
08/09/18,09:29:26,205.5,221.5,
08/09/18,09:29:27,203.9,220.9,
08/09/18,09:29:27,214.8,219.1,
08/09/18,09:29:27,203.8,222.1,
08/09/18,09:29:27,203.3,220.1,
08/09/18,09:29:27,192.4,217.6,
08/09/18,09:29:27,203.0,220.5,
08/09/18,09:29:27,202.8,218.9,
08/09/18,09:29:27,203.2,224.1,
08/09/18,09:29:27,202.5,221.5,
08/09/18,09:29:27,201.1,220.3,
08/09/18,09:29:27,202.3,219.1,
08/09/18,09:29:27,201.7,219.3,
08/09/18,09:29:27,202.3,222.1,
08/09/18,09:29:27,201.8,223.8,
08/09/18,09:29:27,200.1,222.9,
08/09/18,09:29:27,199.1,222.8,
08/09/18,09:29:27,201.2,220.2,
08/09/18,09:29:27,190.6,219.1,
08/09/18,09:29:28,200.5,220.3,
08/09/18,09:29:28,197.7,218.4,
08/09/18,09:29:28,199.3,220.9,
08/09/18,09:29:28,187.8,218.9,
08/09/18,09:29:28,197.7,220.9,
08/09/18,09:29:28,196.7,220.8,
08/09/18,09:29:28,198.3,222.6,
08/09/18,09:29:28,197.1,219.5,
08/09/18,09:29:28,208.7,218.2,
08/09/18,09:29:28,188.5,218.3,
08/09/18,09:29:28,197.6,219.3,
08/09/18,09:29:28,187.6,221.7,
08/09/18,09:29:28,195.9,222.2,
08/09/18,09:29:28,194.8,221.0,
08/09/18,09:29:28,195.0,221.7,
08/09/18,09:29:28,193.7,222.8,
08/09/18,09:29:28,194.7,218.1,
08/09/18,09:29:28,196.5,222.7,
08/09/18,09:29:29,195.2,218.7,
08/09/18,09:29:29,194.7,224.1,
08/09/18,09:29:29,192.8,219.2,
08/09/18,09:29:29,194.1,220.4,
08/09/18,09:29:29,191.6,219.5,
08/09/18,09:29:29,191.7,220.7,
08/09/18,09:29:29,192.1,221.8,
08/09/18,09:29:29,190.7,220.2,
08/09/18,09:29:29,191.2,221.8,
08/09/18,09:29:29,191.6,220.7,
08/09/18,09:29:29,190.8,219.4,
08/09/18,09:29:29,188.4,221.9,
08/09/18,09:29:29,188.5,220.2,
08/09/18,09:29:30,189.1,220.1,
08/09/18,09:29:30,189.2,219.1,
08/09/18,09:29:30,189.0,218.7,
08/09/18,09:29:30,188.2,219.6,
08/09/18,09:29:30,187.9,216.9,
08/09/18,09:29:30,186.3,219.1,
08/09/18,09:29:30,185.9,221.1,
08/09/18,09:29:30,185.7,217.3,
08/09/18,09:29:30,186.5,220.0,
08/09/18,09:29:30,185.5,221.1,
08/09/18,09:29:30,184.6,220.7,
08/09/18,09:29:30,183.3,220.3,
08/09/18,09:29:30,184.8,218.6,
08/09/18,09:29:31,182.6,221.8,
08/09/18,09:29:31,182.1,220.7,
08/09/18,09:29:31,182.7,219.2,
08/09/18,09:29:31,182.8,221.8,
08/09/18,09:29:31,182.2,220.8,
08/09/18,09:29:31,182.3,218.7,
08/09/18,09:29:31,182.7,218.8,
08/09/18,09:29:31,182.1,219.0,
08/09/18,09:29:31,181.1,218.9,
08/09/18,09:29:31,180.2,218.2,
08/09/18,09:29:32,180.1,219.9,
08/09/18,09:29:32,178.9,217.9,
08/09/18,09:29:32,174.1,220.2,
08/09/18,09:29:32,171.9,219.5,
08/09/18,09:29:32,172.7,217.7,
08/09/18,09:29:32,170.8,227.4,
08/09/18,09:29:32,172.0,216.1,
08/09/18,09:29:32,172.4,220.0,
08/09/18,09:29:32,173.1,219.3,
08/09/18,09:29:32,172.0,218.1,
08/09/18,09:29:32,164.7,217.4,
08/09/18,09:29:33,161.4,218.4,
08/09/18,09:29:33,170.3,222.8,
08/09/18,09:29:33,172.5,221.6,
08/09/18,09:29:33,170.6,220.9,
08/09/18,09:29:33,163.0,218.2,
08/09/18,09:29:33,170.0,222.5,
08/09/18,09:29:33,168.2,222.1,
08/09/18,09:29:33,169.8,224.1,
08/09/18,09:29:33,169.4,220.7,
08/09/18,09:29:33,167.1,221.4,
08/09/18,09:29:33,168.0,221.7,
08/09/18,09:29:33,166.3,225.2,
08/09/18,09:29:33,167.9,217.7,
08/09/18,09:29:33,160.6,215.3,
08/09/18,09:29:33,167.5,222.2,
08/09/18,09:29:33,168.0,220.4,
08/09/18,09:29:34,166.8,213.7,
08/09/18,09:29:34,168.4,218.9,
08/09/18,09:29:34,165.5,219.6,
08/09/18,09:29:34,166.9,217.9,
08/09/18,09:29:34,166.6,217.2,
08/09/18,09:29:34,165.5,218.4,
08/09/18,09:29:34,166.0,215.9,
08/09/18,09:29:34,165.1,218.2,
08/09/18,09:29:34,157.0,216.2,
08/09/18,09:29:34,157.7,215.2,
08/09/18,09:29:34,160.4,230.7,
08/09/18,09:29:34,162.1,214.2,
08/09/18,09:29:34,162.8,212.3,
08/09/18,09:29:35,156.6,229.4,
08/09/18,09:29:35,160.8,213.3,
08/09/18,09:29:35,162.9,220.0,
08/09/18,09:29:35,162.5,220.6,
08/09/18,09:29:35,158.9,219.5,
08/09/18,09:29:35,161.5,217.9,
08/09/18,09:29:35,161.6,219.4,
08/09/18,09:29:35,158.5,220.5,
08/09/18,09:29:35,157.9,220.6,
08/09/18,09:29:35,158.7,221.9,
08/09/18,09:29:35,158.3,221.6,
08/09/18,09:29:35,148.2,222.0,
08/09/18,09:29:36,157.9,222.5,
08/09/18,09:29:36,156.1,223.5,
08/09/18,09:29:36,154.2,219.7,
08/09/18,09:29:36,155.5,223.8,
08/09/18,09:29:36,154.4,217.6,
08/09/18,09:29:36,156.3,223.7,
08/09/18,09:29:37,146.0,220.6,
08/09/18,09:29:37,154.8,221.7,
08/09/18,09:29:37,151.6,213.9,
08/09/18,09:29:37,151.1,211.2,
08/09/18,09:29:37,143.5,228.9,
08/09/18,09:29:37,152.4,211.3,
08/09/18,09:29:37,152.7,210.4,
08/09/18,09:29:37,150.5,210.8,
08/09/18,09:29:37,170.2,197.0,
08/09/18,09:29:37,151.0,209.4,
08/09/18,09:29:37,149.2,211.4,
08/09/18,09:29:37,141.1,209.7,
08/09/18,09:29:37,148.0,212.6,
08/09/18,09:29:37,140.8,225.7,
08/09/18,09:29:37,149.7,211.7,
08/09/18,09:29:37,139.0,209.7,
08/09/18,09:29:37,146.6,211.2,
08/09/18,09:29:37,143.7,204.7,
08/09/18,09:29:38,162.7,198.3,
08/09/18,09:29:38,164.3,197.9,
08/09/18,09:29:38,146.2,207.3,
08/09/18,09:29:38,146.8,210.2,
08/09/18,09:29:38,144.9,208.4,
08/09/18,09:29:38,137.1,207.2,
08/09/18,09:29:38,136.9,207.3,
08/09/18,09:29:38,145.8,208.5,
08/09/18,09:29:38,144.9,206.4,
08/09/18,09:29:38,144.6,209.0,
08/09/18,09:29:38,144.7,207.6,
08/09/18,09:29:38,164.2,196.4,
08/09/18,09:29:38,162.6,191.0,
08/09/18,09:29:38,143.5,206.5,
08/09/18,09:29:38,136.4,205.5,
08/09/18,09:29:39,133.4,225.3,
08/09/18,09:29:39,144.6,209.5,
08/09/18,09:29:39,141.5,209.3,
08/09/18,09:29:39,133.5,223.8,
08/09/18,09:29:39,141.9,206.8,
08/09/18,09:29:39,144.2,208.3,
08/09/18,09:29:39,141.6,208.1,
08/09/18,09:29:39,141.1,211.8,
08/09/18,09:29:39,139.5,210.9,
08/09/18,09:29:39,140.8,211.9,
08/09/18,09:29:39,130.7,209.6,
08/09/18,09:29:39,138.3,211.5,
08/09/18,09:29:39,139.9,211.4,
08/09/18,09:29:39,138.6,210.7,
08/09/18,09:29:39,138.0,209.9,
08/09/18,09:29:39,138.3,211.6,
08/09/18,09:29:39,138.9,208.5,
08/09/18,09:29:40,137.3,211.0,
08/09/18,09:29:40,137.5,210.8,
08/09/18,09:29:40,136.6,211.4,
08/09/18,09:29:40,132.8,204.1,
08/09/18,09:29:40,137.9,210.5,
08/09/18,09:29:40,136.3,212.7,
08/09/18,09:29:40,136.8,209.7,
08/09/18,09:29:40,135.6,211.1,
08/09/18,09:29:40,126.3,225.2,
08/09/18,09:29:40,158.3,193.9,
08/09/18,09:29:40,126.1,226.8,
08/09/18,09:29:40,135.9,212.3,
08/09/18,09:29:40,135.7,210.7,
08/09/18,09:29:40,134.2,212.2,
08/09/18,09:29:40,133.1,212.8,
08/09/18,09:29:41,132.0,211.4,
08/09/18,09:29:41,123.4,228.6,
08/09/18,09:29:41,131.5,212.7,
08/09/18,09:29:41,131.8,212.2,
08/09/18,09:29:41,127.0,211.6,
08/09/18,09:29:41,130.9,214.2,
08/09/18,09:29:41,130.9,213.4,
08/09/18,09:29:41,129.3,213.0,
08/09/18,09:29:41,131.8,212.0,
08/09/18,09:29:41,152.3,194.0,
08/09/18,09:29:41,130.0,211.2,
08/09/18,09:29:41,127.1,204.2,
08/09/18,09:29:41,121.2,230.7,
08/09/18,09:29:41,121.7,230.0,
08/09/18,09:29:41,118.8,228.3,
08/09/18,09:29:41,128.1,213.5,
08/09/18,09:29:41,120.7,213.7,
08/09/18,09:29:41,128.8,213.4,
08/09/18,09:29:42,127.4,213.9,
08/09/18,09:29:42,126.6,213.3,
08/09/18,09:29:42,146.8,195.8,
08/09/18,09:29:42,126.9,212.0,
08/09/18,09:29:42,119.5,213.6,
08/09/18,09:29:42,125.3,213.6,
08/09/18,09:29:42,124.9,214.3,
08/09/18,09:29:42,123.3,205.3,
08/09/18,09:29:42,124.6,212.0,
08/09/18,09:29:42,125.4,213.2,
08/09/18,09:29:42,124.9,213.3,
08/09/18,09:29:42,145.6,195.0,
08/09/18,09:29:42,116.9,211.5,
08/09/18,09:29:42,118.2,212.4,
08/09/18,09:29:42,124.0,214.2,
08/09/18,09:29:42,123.3,215.2,
08/09/18,09:29:42,123.2,215.5,
08/09/18,09:29:42,121.4,214.7,
08/09/18,09:29:43,122.7,213.9,
08/09/18,09:29:43,121.0,213.9,
08/09/18,09:29:43,120.7,214.7,
08/09/18,09:29:43,120.1,214.6,
08/09/18,09:29:43,120.1,213.9,
08/09/18,09:29:43,112.3,209.3,
08/09/18,09:29:43,137.5,200.4,
08/09/18,09:29:43,119.7,214.0,
08/09/18,09:29:43,119.1,212.2,
08/09/18,09:29:43,117.2,216.4,
08/09/18,09:29:43,117.8,213.5,
08/09/18,09:29:43,116.8,207.5,
08/09/18,09:29:43,119.0,213.9,
08/09/18,09:29:43,116.3,216.2,
08/09/18,09:29:43,114.4,207.2,
08/09/18,09:29:44,113.8,206.4,
08/09/18,09:29:44,117.0,215.2,
08/09/18,09:29:44,109.2,214.4,
08/09/18,09:29:44,116.6,214.4,
08/09/18,09:29:44,114.8,214.0,
08/09/18,09:29:44,114.1,215.1,
08/09/18,09:29:44,115.6,216.0,
08/09/18,09:29:44,113.0,208.6,
08/09/18,09:29:44,114.7,215.1,
08/09/18,09:29:44,107.7,214.2,
08/09/18,09:29:44,114.2,216.7,
08/09/18,09:29:44,115.0,217.7,
08/09/18,09:29:45,111.9,209.2,
08/09/18,09:29:45,114.1,216.8,
08/09/18,09:29:45,113.8,217.4,
08/09/18,09:29:45,113.1,218.7,
08/09/18,09:29:45,113.7,217.2,
08/09/18,09:29:45,112.5,218.1,
08/09/18,09:29:46,106.8,218.6,
08/09/18,09:29:46,112.3,219.5,
08/09/18,09:29:46,130.3,199.8,
08/09/18,09:29:46,107.7,216.6,
08/09/18,09:29:46,104.6,208.8,
08/09/18,09:29:46,106.2,216.1,
08/09/18,09:29:46,105.0,216.1,
08/09/18,09:29:46,105.4,216.2,
08/09/18,09:29:46,106.0,217.4,
08/09/18,09:29:46,104.1,219.5,
08/09/18,09:29:46,103.6,219.6,
08/09/18,09:29:46,103.3,218.6,
08/09/18,09:29:46,103.1,216.8,
08/09/18,09:29:47,102.7,217.0,
08/09/18,09:29:47,103.4,219.2,
08/09/18,09:29:47,94.2,216.0,
08/09/18,09:29:47,120.5,203.9,
08/09/18,09:29:47,100.8,214.8,
08/09/18,09:29:47,100.2,217.7,
08/09/18,09:29:47,100.9,218.0,
08/09/18,09:29:47,99.6,216.7,
08/09/18,09:29:47,92.2,226.2,
08/09/18,09:29:47,99.4,212.5,
08/09/18,09:29:47,90.5,221.9,
08/09/18,09:29:47,96.8,213.8,
08/09/18,09:29:47,96.1,212.8,
08/09/18,09:29:47,96.6,213.9,
08/09/18,09:29:47,96.7,213.8,
08/09/18,09:29:47,96.3,212.2,
08/09/18,09:29:47,95.0,212.6,
08/09/18,09:29:47,95.8,212.9,
08/09/18,09:29:47,96.6,214.0,
08/09/18,09:29:47,93.9,212.1,
08/09/18,09:29:47,94.1,214.4,
08/09/18,09:29:48,107.9,202.8,
08/09/18,09:29:48,94.4,211.4,
08/09/18,09:29:48,94.0,214.6,
08/09/18,09:29:48,93.8,210.0,
08/09/18,09:29:48,94.5,213.1,
08/09/18,09:29:48,93.9,212.7,
08/09/18,09:29:48,89.0,212.2,
08/09/18,09:29:48,83.7,209.1,
08/09/18,09:29:48,82.3,210.0,
08/09/18,09:29:48,90.3,213.4,
08/09/18,09:29:48,91.0,213.4,
08/09/18,09:29:48,90.3,212.5,
08/09/18,09:29:48,91.2,214.8,
08/09/18,09:29:48,91.2,216.2,
08/09/18,09:29:49,90.4,217.9,
08/09/18,09:29:49,81.3,212.0,
08/09/18,09:29:49,90.1,215.4,
08/09/18,09:29:49,90.2,214.2,
08/09/18,09:29:49,88.2,212.5,
08/09/18,09:29:49,89.1,215.8,
08/09/18,09:29:49,88.8,217.6,
08/09/18,09:29:49,88.9,215.4,
08/09/18,09:29:49,88.6,215.9,
08/09/18,09:29:49,86.7,217.2,
08/09/18,09:29:49,85.7,217.8,
08/09/18,09:29:49,86.6,215.5,
08/09/18,09:29:49,86.3,218.1,
08/09/18,09:29:50,87.0,220.0,
08/09/18,09:29:50,88.0,216.0,
08/09/18,09:29:50,79.7,225.1,
08/09/18,09:29:50,83.7,216.3,
08/09/18,09:29:50,85.3,217.7,
08/09/18,09:29:50,84.2,216.6,
08/09/18,09:29:50,84.5,219.0,
08/09/18,09:29:50,85.2,217.6,
08/09/18,09:29:50,75.7,212.0,
08/09/18,09:29:50,82.3,215.9,
08/09/18,09:29:50,100.9,208.3,
08/09/18,09:29:50,84.4,219.7,
08/09/18,09:29:50,83.6,216.0,
08/09/18,09:29:51,82.5,216.8,
08/09/18,09:29:51,81.3,216.3,
08/09/18,09:29:51,75.6,216.2,
08/09/18,09:29:51,74.2,216.8,
08/09/18,09:29:51,76.6,219.5,
08/09/18,09:29:51,76.6,216.9,
08/09/18,09:29:51,66.8,215.3,
08/09/18,09:29:51,73.4,218.6,
08/09/18,09:29:51,76.1,217.9,
08/09/18,09:29:52,67.9,225.0,
08/09/18,09:29:52,69.4,224.9,
08/09/18,09:29:52,68.1,224.4,
08/09/18,09:29:52,64.7,223.9,
08/09/18,09:29:52,73.7,217.2,
08/09/18,09:29:52,65.6,215.1,
08/09/18,09:29:52,70.8,219.5,
08/09/18,09:29:52,66.4,214.5,
08/09/18,09:29:52,71.7,218.9,
08/09/18,09:29:52,72.6,217.7,
08/09/18,09:29:52,73.3,217.4,
08/09/18,09:29:52,71.8,216.5,
08/09/18,09:29:52,71.6,217.9,
08/09/18,09:29:52,70.2,215.1,
08/09/18,09:29:52,72.5,217.3,
08/09/18,09:29:52,72.1,218.9,
08/09/18,09:29:52,70.0,219.1,
08/09/18,09:29:52,70.2,217.6,
08/09/18,09:29:53,69.4,219.0,
08/09/18,09:29:53,69.1,217.1,
08/09/18,09:29:53,60.6,214.6,
08/09/18,09:29:53,61.3,222.7,
08/09/18,09:29:53,69.3,219.0,
08/09/18,09:29:53,68.8,217.1,
08/09/18,09:29:53,61.0,225.1,
08/09/18,09:29:53,67.5,218.3,
08/09/18,09:29:53,67.9,221.3,
08/09/18,09:29:53,68.2,217.8,
08/09/18,09:29:53,67.1,220.0,
08/09/18,09:29:53,64.3,219.7,
08/09/18,09:29:53,66.2,217.9,
08/09/18,09:29:53,66.8,220.1,
08/09/18,09:29:53,67.2,219.6,
08/09/18,09:29:53,66.8,219.8,
08/09/18,09:29:54,82.7,208.8,
08/09/18,09:29:54,66.3,220.9,
08/09/18,09:29:54,62.4,220.3,
08/09/18,09:29:54,57.9,226.3,
08/09/18,09:29:54,64.6,221.6,
08/09/18,09:29:54,81.1,208.7,
08/09/18,09:29:54,64.4,218.4,
08/09/18,09:29:54,61.6,218.0,
08/09/18,09:29:54,55.9,215.3,
08/09/18,09:29:54,54.8,227.7,
08/09/18,09:29:54,55.2,225.4,
08/09/18,09:29:54,64.1,218.7,
08/09/18,09:29:54,61.8,217.4,
08/09/18,09:29:54,61.5,220.1,
08/09/18,09:29:54,61.3,218.3,
08/09/18,09:29:54,61.8,219.9,
08/09/18,09:29:54,59.4,219.2,
08/09/18,09:29:54,60.7,219.6,
08/09/18,09:29:55,53.6,227.7,
08/09/18,09:29:55,52.2,216.3,
08/09/18,09:29:55,58.7,220.2,
08/09/18,09:29:55,59.9,220.0,
08/09/18,09:29:55,58.8,219.0,
08/09/18,09:29:55,75.9,205.1,
08/09/18,09:29:55,76.5,210.1,
08/09/18,09:29:55,58.3,221.4,
08/09/18,09:29:55,48.0,219.1,
08/09/18,09:29:55,57.9,219.3,
08/09/18,09:29:55,56.4,220.5,
08/09/18,09:29:55,57.6,222.7,
08/09/18,09:29:55,56.5,221.7,
08/09/18,09:29:55,57.1,219.5,
08/09/18,09:29:55,57.3,219.2,
08/09/18,09:29:55,55.7,221.4,
08/09/18,09:29:55,55.4,220.8,
08/09/18,09:29:56,55.6,220.7,
08/09/18,09:29:56,56.2,222.7,
08/09/18,09:29:56,74.9,205.8,
08/09/18,09:29:56,54.3,221.7,
08/09/18,09:29:56,53.7,221.9,
08/09/18,09:29:56,53.7,222.0,
08/09/18,09:29:56,47.1,228.2,
08/09/18,09:29:56,55.6,221.9,
08/09/18,09:29:56,53.8,220.4,
08/09/18,09:29:56,54.6,219.8,
08/09/18,09:29:56,52.3,221.1,
08/09/18,09:29:56,72.7,204.5,
08/09/18,09:29:56,52.6,218.8,
08/09/18,09:29:56,50.9,219.7,
08/09/18,09:29:56,53.4,219.9,
08/09/18,09:29:56,52.1,217.9,
08/09/18,09:29:56,52.8,218.4,
08/09/18,09:29:57,49.9,218.4,
08/09/18,09:29:57,51.0,218.4,
08/09/18,09:29:57,42.6,215.7,
08/09/18,09:29:57,43.6,214.7,
08/09/18,09:29:57,50.2,220.1,
08/09/18,09:29:57,52.3,218.3,
08/09/18,09:29:57,50.1,218.0,
08/09/18,09:29:57,50.9,218.6,
08/09/18,09:29:57,43.5,215.1,
08/09/18,09:29:57,43.7,222.8,
08/09/18,09:29:57,50.0,218.4,
08/09/18,09:29:57,49.1,216.9,
08/09/18,09:29:57,48.7,217.3,
08/09/18,09:29:57,48.5,216.5,
08/09/18,09:29:57,50.2,215.6,
08/09/18,09:29:57,51.4,215.2,
08/09/18,09:29:57,51.4,216.1,
08/09/18,09:29:57,51.1,221.1,
08/09/18,09:29:58,50.9,214.0,
08/09/18,09:29:58,50.5,214.7,
08/09/18,09:29:58,51.1,211.4,
08/09/18,09:29:58,49.0,215.1,
08/09/18,09:29:58,52.2,217.6,
08/09/18,09:29:58,48.1,213.3,
08/09/18,09:29:58,67.5,195.0,
08/09/18,09:29:58,52.4,212.6,
08/09/18,09:29:58,50.5,211.7,
08/09/18,09:29:58,40.5,209.7,
08/09/18,09:29:58,49.3,211.2,
08/09/18,09:29:58,46.8,212.1,
08/09/18,09:29:58,47.1,213.9,
08/09/18,09:29:58,46.5,213.7,
08/09/18,09:29:58,48.5,214.3,
08/09/18,09:29:59,39.6,207.2,
08/09/18,09:29:59,47.2,212.2,
08/09/18,09:29:59,47.3,213.7,
08/09/18,09:29:59,50.0,211.8,
08/09/18,09:29:59,49.2,213.3,
08/09/18,09:29:59,50.8,218.7,
08/09/18,09:29:59,48.7,209.6,
08/09/18,09:29:59,47.6,210.5,
08/09/18,09:29:59,46.3,209.6,
08/09/18,09:29:59,45.3,211.7,
08/09/18,09:29:59,44.8,213.1,
08/09/18,09:29:59,37.1,208.6,
08/09/18,09:29:59,44.5,210.6,
08/09/18,09:29:59,45.2,212.3,
08/09/18,09:30:00,44.7,211.3,
08/09/18,09:30:00,52.4,224.2,
08/09/18,09:30:01,40.3,202.4,
08/09/18,09:30:01,30.6,208.0,
08/09/18,09:30:01,44.4,213.4,
08/09/18,09:30:01,40.5,202.1,
08/09/18,09:30:01,41.0,202.5,
08/09/18,09:30:01,42.9,200.7,
08/09/18,09:30:01,35.1,207.3,
08/09/18,09:30:01,46.3,211.5,
08/09/18,09:30:01,42.5,201.5,
08/09/18,09:30:01,42.4,198.5,
08/09/18,09:30:01,44.5,201.5,
08/09/18,09:30:01,45.7,200.4,
08/09/18,09:30:01,50.3,211.9,
08/09/18,09:30:02,41.7,197.7,
08/09/18,09:30:02,46.4,202.0,
08/09/18,09:30:02,47.4,201.1,
08/09/18,09:30:02,46.7,199.7,
08/09/18,09:30:03,45.8,198.6,
08/09/18,09:30:03,46.7,198.4,
08/09/18,09:30:03,46.3,194.1,
08/09/18,09:30:03,44.6,194.3,
08/09/18,09:30:03,46.4,194.0,
08/09/18,09:30:03,46.3,193.3,
08/09/18,09:30:03,46.1,193.8,
08/09/18,09:30:03,46.9,194.5,
08/09/18,09:30:03,51.5,204.7,
08/09/18,09:30:03,44.9,191.2,
08/09/18,09:30:03,59.1,171.4,
08/09/18,09:30:03,45.0,192.6,
08/09/18,09:30:03,44.1,190.8,
08/09/18,09:30:03,45.5,191.0,
08/09/18,09:30:03,45.4,190.5,
08/09/18,09:30:03,46.1,191.4,
08/09/18,09:30:03,45.9,189.5,
08/09/18,09:30:04,45.9,189.8,
08/09/18,09:30:04,44.9,189.6,
08/09/18,09:30:04,47.0,188.8,
08/09/18,09:30:04,43.9,188.2,
08/09/18,09:30:04,46.2,189.2,
08/09/18,09:30:04,44.5,184.0,
08/09/18,09:30:04,46.8,188.9,
08/09/18,09:30:04,45.4,187.9,
08/09/18,09:30:04,46.3,187.3,
08/09/18,09:30:04,44.4,185.7,
08/09/18,09:30:04,52.1,204.5,
08/09/18,09:30:04,46.6,187.8,
08/09/18,09:30:05,49.0,201.0,
08/09/18,09:30:05,46.4,186.8,
08/09/18,09:30:05,45.6,186.5,
08/09/18,09:30:05,47.2,186.1,
08/09/18,09:30:05,46.3,186.9,
08/09/18,09:30:05,45.6,186.0,
08/09/18,09:30:06,46.4,185.1,
08/09/18,09:30:06,52.9,199.6,
08/09/18,09:30:06,45.6,178.5,
08/09/18,09:30:06,45.3,178.2,
08/09/18,09:30:06,47.0,176.4,
08/09/18,09:30:06,47.1,178.5,
08/09/18,09:30:06,46.5,178.6,
08/09/18,09:30:06,45.4,175.7,
08/09/18,09:30:06,47.0,177.0,
08/09/18,09:30:06,49.2,178.5,
08/09/18,09:30:06,48.1,177.9,
08/09/18,09:30:07,48.0,177.9,
08/09/18,09:30:07,47.3,175.2,
08/09/18,09:30:07,58.3,158.4,
08/09/18,09:30:07,47.4,174.4,
08/09/18,09:30:07,48.8,176.0,
08/09/18,09:30:07,48.0,173.5,
08/09/18,09:30:07,46.7,173.3,
08/09/18,09:30:07,46.0,173.4,
08/09/18,09:30:07,50.5,174.6,
08/09/18,09:30:07,49.5,175.7,
08/09/18,09:30:07,56.0,190.1,
08/09/18,09:30:07,50.1,171.8,
08/09/18,09:30:07,49.0,171.2,
08/09/18,09:30:07,46.3,169.6,
08/09/18,09:30:07,59.5,154.5,
08/09/18,09:30:07,57.3,152.9,
08/09/18,09:30:07,49.7,171.4,
08/09/18,09:30:08,49.3,170.8,
08/09/18,09:30:08,47.2,169.9,
08/09/18,09:30:08,49.6,171.1,
08/09/18,09:30:08,50.5,170.3,
08/09/18,09:30:08,48.2,167.7,
08/09/18,09:30:08,47.1,167.8,
08/09/18,09:30:08,47.8,169.8,
08/09/18,09:30:08,48.2,169.1,
08/09/18,09:30:08,48.9,170.3,
08/09/18,09:30:08,47.7,166.9,
08/09/18,09:30:08,52.1,169.3,
08/09/18,09:30:08,49.1,166.2,
08/09/18,09:30:08,49.2,167.6,
08/09/18,09:30:08,50.5,166.1,
08/09/18,09:30:08,50.9,167.3,
08/09/18,09:30:08,50.9,167.0,
08/09/18,09:30:08,49.1,165.6,
08/09/18,09:30:08,42.0,169.0,
08/09/18,09:30:08,53.3,175.0,
08/09/18,09:30:09,58.5,145.9,
08/09/18,09:30:09,49.7,166.0,
08/09/18,09:30:09,57.9,146.4,
08/09/18,09:30:09,51.2,164.3,
08/09/18,09:30:09,49.1,164.4,
08/09/18,09:30:09,51.0,164.2,
08/09/18,09:30:09,50.8,164.9,
08/09/18,09:30:09,58.5,179.2,
08/09/18,09:30:09,50.5,163.4,
08/09/18,09:30:09,60.4,147.4,
08/09/18,09:30:09,51.5,161.2,
08/09/18,09:30:09,54.8,161.7,
08/09/18,09:30:09,52.5,162.7,
08/09/18,09:30:09,50.9,159.5,
08/09/18,09:30:09,58.1,143.7,
08/09/18,09:30:09,58.3,144.2,
08/09/18,09:30:09,47.9,157.9,
08/09/18,09:30:10,48.2,161.1,
08/09/18,09:30:10,52.7,159.5,
08/09/18,09:30:10,50.8,159.5,
08/09/18,09:30:10,48.2,157.7,
08/09/18,09:30:10,45.8,161.6,
08/09/18,09:30:10,60.2,176.6,
08/09/18,09:30:10,55.5,159.7,
08/09/18,09:30:10,52.2,158.2,
08/09/18,09:30:10,52.6,158.6,
08/09/18,09:30:10,54.7,158.3,
08/09/18,09:30:10,50.1,155.2,
08/09/18,09:30:10,52.9,157.5,
08/09/18,09:30:10,53.5,156.6,
08/09/18,09:30:10,52.9,156.4,
08/09/18,09:30:10,51.6,156.1,
08/09/18,09:30:10,60.1,172.4,
08/09/18,09:30:11,53.0,156.4,
08/09/18,09:30:11,50.5,154.3,
08/09/18,09:30:11,54.8,156.1,
08/09/18,09:30:11,49.4,153.4,
08/09/18,09:30:11,53.4,156.4,
08/09/18,09:30:11,54.7,155.8,
08/09/18,09:30:11,53.7,156.6,
08/09/18,09:30:11,56.0,154.9,
08/09/18,09:30:11,55.5,156.0,
08/09/18,09:30:11,48.6,151.2,
08/09/18,09:30:11,58.9,166.0,
08/09/18,09:30:11,52.6,152.4,
08/09/18,09:30:11,48.6,150.8,
08/09/18,09:30:11,54.5,153.7,
08/09/18,09:30:12,54.8,151.5,
08/09/18,09:30:12,52.4,151.8,
08/09/18,09:30:12,52.7,150.6,
08/09/18,09:30:12,50.2,149.6,
08/09/18,09:30:12,52.9,153.9,
08/09/18,09:30:12,55.3,153.6,
08/09/18,09:30:12,54.8,151.9,
08/09/18,09:30:12,52.0,151.2,
08/09/18,09:30:12,52.9,151.9,
08/09/18,09:30:12,53.2,150.6,
08/09/18,09:30:12,53.0,148.9,
08/09/18,09:30:13,53.3,149.2,
08/09/18,09:30:13,54.1,151.1,
08/09/18,09:30:13,52.7,146.2,
08/09/18,09:30:13,52.7,142.2,
08/09/18,09:30:13,52.5,145.7,
08/09/18,09:30:13,53.2,147.7,
08/09/18,09:30:13,54.9,145.1,
08/09/18,09:30:13,52.0,145.5,
08/09/18,09:30:13,52.7,144.7,
08/09/18,09:30:13,53.9,144.1,
08/09/18,09:30:13,52.9,142.9,
08/09/18,09:30:14,58.3,158.1,
08/09/18,09:30:14,52.6,142.5,
08/09/18,09:30:14,51.9,142.5,
08/09/18,09:30:14,47.8,141.1,
08/09/18,09:30:14,53.1,141.3,
08/09/18,09:30:14,51.3,142.5,
08/09/18,09:30:14,51.9,138.3,
08/09/18,09:30:14,49.8,139.1,
08/09/18,09:30:14,42.5,141.1,
08/09/18,09:30:14,50.0,136.7,
08/09/18,09:30:14,50.3,138.5,
08/09/18,09:30:14,51.0,137.7,
08/09/18,09:30:14,49.4,134.5,
08/09/18,09:30:14,46.5,131.5,
08/09/18,09:30:14,51.2,135.2,
08/09/18,09:30:14,50.7,136.0,
08/09/18,09:30:15,49.6,133.8,
08/09/18,09:30:15,42.9,137.8,
08/09/18,09:30:15,50.8,135.8,
08/09/18,09:30:15,51.1,135.4,
08/09/18,09:30:15,49.5,136.2,
08/09/18,09:30:15,49.7,134.5,
08/09/18,09:30:15,50.3,134.3,
08/09/18,09:30:15,51.7,133.7,
08/09/18,09:30:15,43.4,139.0,
08/09/18,09:30:15,49.4,135.5,
08/09/18,09:30:15,49.9,133.2,
08/09/18,09:30:15,51.6,131.3,
08/09/18,09:30:15,47.5,133.1,
08/09/18,09:30:15,50.5,133.1,
08/09/18,09:30:15,48.9,133.3,
08/09/18,09:30:15,45.0,133.9,
08/09/18,09:30:15,50.0,132.0,
08/09/18,09:30:16,51.6,132.6,
08/09/18,09:30:16,50.4,133.5,
08/09/18,09:30:16,50.6,131.4,
08/09/18,09:30:16,46.8,129.0,
08/09/18,09:30:16,51.5,129.6,
08/09/18,09:30:16,46.6,128.5,
08/09/18,09:30:16,46.3,127.7,
08/09/18,09:30:16,51.0,128.1,
08/09/18,09:30:16,51.9,132.1,
08/09/18,09:30:16,43.6,130.9,
08/09/18,09:30:16,46.9,127.6,
08/09/18,09:30:16,40.8,132.0,
08/09/18,09:30:16,51.1,126.1,
08/09/18,09:30:16,49.9,127.4,
08/09/18,09:30:16,51.2,127.5,
08/09/18,09:30:16,40.9,130.0,
08/09/18,09:30:16,48.8,124.2,
08/09/18,09:30:16,58.4,109.9,
08/09/18,09:30:17,50.6,128.0,
08/09/18,09:30:17,50.3,124.5,
08/09/18,09:30:17,50.4,125.3,
08/09/18,09:30:17,58.7,142.1,
08/09/18,09:30:17,50.7,124.9,
08/09/18,09:30:17,50.0,125.7,
08/09/18,09:30:17,52.9,125.3,
08/09/18,09:30:17,50.5,122.9,
08/09/18,09:30:17,50.2,123.9,
08/09/18,09:30:17,51.2,123.8,
08/09/18,09:30:17,51.9,121.5,
08/09/18,09:30:17,48.0,121.4,
08/09/18,09:30:17,49.7,123.1,
08/09/18,09:30:17,43.4,126.0,
08/09/18,09:30:17,42.1,125.4,
08/09/18,09:30:17,50.4,123.2,
08/09/18,09:30:17,57.1,105.7,
08/09/18,09:30:17,50.7,122.5,
08/09/18,09:30:18,50.5,122.3,
08/09/18,09:30:18,43.9,124.9,
08/09/18,09:30:18,49.8,122.4,
08/09/18,09:30:18,57.8,104.8,
08/09/18,09:30:18,57.1,139.4,
08/09/18,09:30:18,58.4,100.9,
08/09/18,09:30:18,50.5,122.1,
08/09/18,09:30:18,49.8,122.0,
08/09/18,09:30:18,50.3,120.4,
08/09/18,09:30:18,45.4,119.0,
08/09/18,09:30:18,50.8,120.5,
08/09/18,09:30:18,58.0,139.0,
08/09/18,09:30:18,50.9,120.1,
08/09/18,09:30:19,58.2,136.7,
08/09/18,09:30:19,50.0,120.1,
08/09/18,09:30:19,52.4,120.3,
08/09/18,09:30:19,51.8,120.3,
08/09/18,09:30:19,51.0,118.1,
08/09/18,09:30:19,56.9,135.3,
08/09/18,09:30:19,48.9,116.9,
08/09/18,09:30:20,52.5,116.1,
08/09/18,09:30:20,57.9,134.6,
08/09/18,09:30:20,46.0,118.6,
08/09/18,09:30:20,50.7,113.3,
08/09/18,09:30:20,53.8,112.3,
08/09/18,09:30:20,52.2,112.0,
08/09/18,09:30:20,51.5,111.4,
08/09/18,09:30:20,59.7,128.9,
08/09/18,09:30:20,52.0,112.2,
08/09/18,09:30:20,52.8,111.5,
08/09/18,09:30:20,53.2,110.7,
08/09/18,09:30:21,60.7,90.3,
08/09/18,09:30:21,52.5,109.9,
08/09/18,09:30:21,51.1,110.8,
08/09/18,09:30:21,52.2,110.3,
08/09/18,09:30:21,52.5,108.5,
08/09/18,09:30:21,48.3,107.3,
08/09/18,09:30:21,52.7,108.2,
08/09/18,09:30:21,45.0,110.9,
08/09/18,09:30:21,50.9,107.7,
08/09/18,09:30:21,50.3,108.8,
08/09/18,09:30:21,58.1,123.0,
08/09/18,09:30:21,51.1,105.9,
08/09/18,09:30:21,61.0,122.8,
08/09/18,09:30:21,51.1,109.4,
08/09/18,09:30:21,53.3,105.1,
08/09/18,09:30:21,52.5,105.2,
08/09/18,09:30:22,60.4,124.8,
08/09/18,09:30:22,53.2,106.9,
08/09/18,09:30:22,51.3,105.9,
08/09/18,09:30:22,51.2,105.0,
08/09/18,09:30:22,51.3,105.9,
08/09/18,09:30:22,58.6,85.8,
08/09/18,09:30:22,52.4,104.6,
08/09/18,09:30:22,52.2,105.4,
08/09/18,09:30:22,57.8,120.9,
08/09/18,09:30:22,52.5,104.7,
08/09/18,09:30:22,57.5,115.8,
08/09/18,09:30:22,57.6,115.9,
08/09/18,09:30:22,51.6,102.2,
08/09/18,09:30:23,51.7,102.0,
08/09/18,09:30:23,50.3,101.7,
08/09/18,09:30:23,56.9,114.7,
08/09/18,09:30:23,53.1,101.9,
08/09/18,09:30:23,47.0,97.6,
08/09/18,09:30:23,51.7,100.0,
08/09/18,09:30:23,52.7,99.4,
08/09/18,09:30:24,50.6,99.0,
08/09/18,09:30:24,58.9,116.6,
08/09/18,09:30:24,47.9,93.6,
08/09/18,09:30:24,58.3,112.8,
08/09/18,09:30:24,60.6,113.8,
08/09/18,09:30:24,64.4,112.6,
08/09/18,09:30:24,61.1,111.0,
08/09/18,09:30:24,53.3,95.6,
08/09/18,09:30:24,54.5,92.9,
08/09/18,09:30:24,55.2,93.0,
08/09/18,09:30:25,56.7,94.3,
08/09/18,09:30:25,55.8,93.2,
08/09/18,09:30:25,55.7,94.6,
08/09/18,09:30:25,51.7,89.4,
08/09/18,09:30:25,50.3,91.1,
08/09/18,09:30:25,54.2,92.1,
08/09/18,09:30:25,55.9,91.7,
08/09/18,09:30:25,55.0,91.4,
08/09/18,09:30:25,54.5,93.9,
08/09/18,09:30:25,55.3,89.4,
08/09/18,09:30:25,55.4,88.5,
08/09/18,09:30:26,51.2,88.9,
08/09/18,09:30:26,54.8,89.5,
08/09/18,09:30:26,46.4,86.9,
08/09/18,09:30:26,52.7,84.7,
08/09/18,09:30:26,59.9,99.0,
08/09/18,09:30:26,53.0,84.1,
08/09/18,09:30:26,52.8,83.0,
08/09/18,09:30:26,51.1,82.4,
08/09/18,09:30:26,53.8,81.7,
08/09/18,09:30:26,51.7,82.6,
08/09/18,09:30:27,59.6,96.9,
08/09/18,09:30:27,47.9,80.1,
08/09/18,09:30:27,52.0,80.7,
08/09/18,09:30:27,50.8,81.1,
08/09/18,09:30:27,52.3,81.6,
08/09/18,09:30:27,51.1,80.6,
08/09/18,09:30:27,50.5,79.2,
08/09/18,09:30:27,50.5,80.2,
08/09/18,09:30:27,50.4,78.4,
08/09/18,09:30:27,51.2,80.4,
08/09/18,09:30:27,58.9,93.4,
08/09/18,09:30:27,50.2,77.7,
08/09/18,09:30:27,59.1,57.5,
08/09/18,09:30:27,49.7,77.9,
08/09/18,09:30:27,42.1,81.8,
08/09/18,09:30:27,51.9,76.3,
08/09/18,09:30:27,51.0,75.8,
08/09/18,09:30:27,52.1,76.6,
08/09/18,09:30:28,52.0,77.3,
08/09/18,09:30:28,51.8,74.5,
08/09/18,09:30:28,51.5,75.0,
08/09/18,09:30:28,51.7,75.0,
08/09/18,09:30:28,52.8,75.2,
08/09/18,09:30:28,51.7,75.2,
08/09/18,09:30:28,52.3,76.3,
08/09/18,09:30:28,52.7,76.9,
08/09/18,09:30:28,51.9,74.7,
08/09/18,09:30:28,51.4,75.4,
08/09/18,09:30:28,51.5,72.3,
08/09/18,09:30:28,51.9,74.5,
08/09/18,09:30:29,52.7,72.9,
08/09/18,09:30:29,50.8,73.7,
08/09/18,09:30:29,52.6,71.8,
08/09/18,09:30:29,52.6,71.0,
08/09/18,09:30:29,52.3,71.9,
08/09/18,09:30:29,52.0,71.7,
08/09/18,09:30:29,51.9,70.0,
08/09/18,09:30:29,60.2,84.8,
08/09/18,09:30:29,51.6,69.5,
08/09/18,09:30:29,45.4,66.1,
08/09/18,09:30:29,46.4,67.3,
08/09/18,09:30:29,52.7,68.5,
08/09/18,09:30:29,51.6,68.8,
08/09/18,09:30:30,54.0,68.5,
08/09/18,09:30:30,52.6,67.8,
08/09/18,09:30:30,53.7,67.4,
08/09/18,09:30:30,61.1,80.1,
08/09/18,09:30:30,53.3,67.1,
08/09/18,09:30:30,53.3,67.4,
08/09/18,09:30:31,53.7,67.5,
08/09/18,09:30:31,53.4,66.6,
08/09/18,09:30:31,52.3,60.3,
08/09/18,09:30:31,61.0,71.4,
08/09/18,09:30:31,53.4,59.7,
08/09/18,09:30:31,53.6,60.8,
08/09/18,09:30:31,51.5,62.4,
08/09/18,09:30:31,53.4,61.8,
08/09/18,09:30:31,52.6,58.7,
08/09/18,09:30:31,54.0,60.3,
08/09/18,09:30:31,60.0,42.2,
08/09/18,09:30:31,55.1,59.4,
08/09/18,09:30:31,46.5,56.5,
08/09/18,09:30:31,54.0,60.1,
08/09/18,09:30:31,54.7,54.8,
08/09/18,09:30:31,54.5,57.2,
08/09/18,09:30:31,54.7,54.9,
08/09/18,09:30:32,55.3,55.9,
08/09/18,09:30:32,60.7,37.6,
08/09/18,09:30:32,54.9,57.0,
08/09/18,09:30:32,62.6,36.1,
08/09/18,09:30:32,53.2,56.2,
08/09/18,09:30:32,56.9,53.5,
08/09/18,09:30:32,50.1,49.1,
08/09/18,09:30:32,54.7,53.7,
08/09/18,09:30:32,60.9,39.4,
08/09/18,09:30:32,56.2,54.5,
08/09/18,09:30:32,56.5,53.5,
08/09/18,09:30:32,55.4,52.6,
08/09/18,09:30:32,60.8,34.6,
08/09/18,09:30:32,56.2,53.1,
08/09/18,09:30:32,55.0,52.7,
08/09/18,09:30:32,56.9,52.9,
08/09/18,09:30:32,56.7,51.8,
08/09/18,09:30:33,56.8,52.2,
08/09/18,09:30:33,57.2,50.5,
08/09/18,09:30:33,50.1,48.4,
08/09/18,09:30:33,56.7,51.7,
08/09/18,09:30:33,65.6,64.5,
08/09/18,09:30:33,55.4,49.8,
08/09/18,09:30:33,54.0,48.4,
08/09/18,09:30:33,54.2,50.9,
08/09/18,09:30:33,56.6,49.2,
08/09/18,09:30:33,56.3,50.1,
08/09/18,09:30:33,56.2,48.5,
08/09/18,09:30:33,55.6,48.7,
08/09/18,09:30:33,55.8,48.9,
08/09/18,09:30:33,55.2,47.5,
08/09/18,09:30:33,57.0,48.6,
08/09/18,09:30:33,54.6,43.7,
08/09/18,09:30:33,53.7,44.6,
08/09/18,09:30:33,54.0,44.3,
08/09/18,09:30:34,54.8,47.7,
08/09/18,09:30:34,49.5,38.3,
08/09/18,09:30:34,54.2,45.4,
08/09/18,09:30:34,55.3,45.4,
08/09/18,09:30:34,55.6,44.4,
08/09/18,09:30:34,54.0,45.3,
08/09/18,09:30:34,55.8,45.4,
08/09/18,09:30:34,54.7,43.7,
08/09/18,09:30:34,50.4,41.8,
08/09/18,09:30:34,56.3,46.1,
08/09/18,09:30:34,55.4,43.8,
08/09/18,09:30:34,61.5,27.3,
08/09/18,09:30:34,55.7,44.6,
08/09/18,09:30:34,54.3,43.7,
08/09/18,09:30:34,54.8,42.7,
08/09/18,09:30:34,51.9,42.1,
08/09/18,09:30:34,53.6,40.9,
08/09/18,09:30:34,64.6,50.0,
08/09/18,09:30:34,54.5,41.0,
08/09/18,09:30:35,60.4,23.6,
08/09/18,09:30:35,53.4,38.8,
08/09/18,09:30:35,54.2,41.9,
08/09/18,09:30:35,55.2,40.7,
08/09/18,09:30:35,54.3,41.0,
08/09/18,09:30:35,55.6,40.3,
08/09/18,09:30:35,60.0,25.6,
08/09/18,09:30:35,53.2,39.4,
08/09/18,09:30:35,49.5,33.5,
08/09/18,09:30:35,59.4,20.8,
08/09/18,09:30:35,54.9,38.8,
08/09/18,09:30:35,50.8,34.6,
08/09/18,09:30:35,58.3,22.4,
08/09/18,09:30:35,48.1,32.4,
08/09/18,09:30:35,53.8,37.2,
08/09/18,09:30:35,53.4,36.2,
08/09/18,09:30:35,57.7,24.9,
08/09/18,09:30:36,50.2,30.0,
08/09/18,09:30:36,54.3,34.4,
08/09/18,09:30:36,53.6,37.4,
08/09/18,09:30:36,52.9,38.4,
08/09/18,09:30:36,52.1,36.4,
08/09/18,09:30:36,52.6,34.4,
08/09/18,09:30:36,53.4,35.2,
08/09/18,09:30:36,51.9,29.8,
08/09/18,09:30:36,51.6,35.5,
08/09/18,09:30:36,58.0,19.0,
08/09/18,09:30:36,57.8,21.1,
08/09/18,09:30:36,49.7,31.7,
08/09/18,09:30:36,54.6,34.5,
08/09/18,09:30:36,54.3,36.4,
08/09/18,09:30:36,41.1,39.1,
08/09/18,09:30:36,54.3,34.2,
08/09/18,09:30:36,58.5,20.4,
08/09/18,09:30:36,54.5,31.5,
08/09/18,09:30:37,54.0,34.8,
08/09/18,09:30:37,51.6,33.4,
08/09/18,09:30:37,52.3,35.5,
08/09/18,09:30:37,47.7,29.3,
08/09/18,09:30:37,52.9,32.0,
08/09/18,09:30:37,39.7,36.2,
08/09/18,09:30:37,48.2,25.2,
08/09/18,09:30:37,51.8,31.9,
08/09/18,09:30:37,52.4,32.9,
08/09/18,09:30:37,50.6,33.8,
08/09/18,09:30:37,66.9,45.9,
08/09/18,09:30:37,52.7,31.9,
08/09/18,09:30:37,52.4,27.8,
08/09/18,09:30:37,53.5,30.1,
08/09/18,09:30:37,66.4,38.1,
08/09/18,09:30:38,66.3,43.1,
08/09/18,09:30:38,53.0,32.3,
08/09/18,09:30:38,51.1,33.6,
08/09/18,09:30:38,52.2,31.0,
08/09/18,09:30:38,51.4,31.4,
08/09/18,09:30:38,46.5,25.4,
08/09/18,09:30:39,52.9,30.0,
08/09/18,09:30:39,51.6,29.8,
08/09/18,09:30:39,51.6,29.3,
08/09/18,09:30:39,52.5,28.5,
08/09/18,09:30:39,47.6,24.8,
08/09/18,09:30:39,50.6,28.3,
08/09/18,09:30:39,53.0,28.8,
08/09/18,09:30:39,54.3,27.7,
08/09/18,09:30:39,54.7,27.6,
08/09/18,09:30:40,55.9,28.1,
08/09/18,09:30:40,55.9,25.5,
08/09/18,09:30:40,55.9,29.0,
08/09/18,09:30:40,55.0,28.4,
08/09/18,09:30:40,57.5,27.7,
08/09/18,09:30:40,55.4,28.6,
08/09/18,09:30:40,47.3,31.0,
08/09/18,09:30:40,56.5,25.2,
08/09/18,09:30:40,59.0,26.3,
08/09/18,09:30:40,68.0,32.4,
08/09/18,09:30:40,59.3,25.1,
08/09/18,09:30:40,58.7,25.5,
08/09/18,09:30:40,70.0,31.3,
08/09/18,09:30:40,71.3,29.7,
08/09/18,09:30:41,58.8,21.5,
08/09/18,09:30:41,73.0,29.8,
08/09/18,09:30:41,60.4,24.7,
08/09/18,09:30:41,60.7,25.3,
08/09/18,09:30:41,67.7,24.2,
08/09/18,09:30:41,69.5,23.2,
08/09/18,09:30:42,70.5,23.7,
08/09/18,09:30:42,70.0,25.3,
08/09/18,09:30:42,73.1,16.9,
08/09/18,09:30:42,67.7,23.9,
08/09/18,09:30:42,68.7,24.8,
08/09/18,09:30:42,68.8,23.0,
08/09/18,09:30:42,67.3,25.1,
08/09/18,09:30:42,65.7,25.3,
08/09/18,09:30:42,67.3,24.8,
08/09/18,09:30:42,67.3,25.6,
08/09/18,09:30:42,70.8,20.5,
08/09/18,09:30:42,68.2,28.3,
08/09/18,09:30:42,69.2,26.3,
08/09/18,09:30:42,84.5,33.2,
08/09/18,09:30:42,70.2,28.5,
08/09/18,09:30:42,69.4,29.4,
